05/10/2025 19:32:37 ------ DEBUT ------
05/10/2025 19:32:37 SQLSTATE[HY000]: General error: 1 no such column: paiement_montant_cheque
05/10/2025 19:32:37 Erreur sur la requête : UPDATE consultation SET paiement_montant_cheque = replace(paiement_montant_cheque,'€','');
05/10/2025 19:32:37 Paramètres : 
05/10/2025 19:32:37 URI : /start.php
05/10/2025 19:32:37 FILENAME : /start.php
05/10/2025 19:32:37 TRACE ERREUR : 
#0 C:\Webosteo\htdocs\class\class_connexion.php(0): PDO->prepare('UPDATE consulta...')
#1 C:\Webosteo\htdocs\class\class_connexion.php(0): Connexion->executeTraite('UPDATE consulta...')
#2 C:\Webosteo\htdocs\class\class_connexion.php(0): Connexion->executeSQLFile('/database/datab...', true)
#3 C:\Webosteo\htdocs\config.php(0): Connexion->verifStructureTables()
#4 C:\Webosteo\htdocs\config.php(2): sg_load('D5D1A63A6B6692D...')
#5 C:\Webosteo\htdocs\start.php(0): include('C:\\Webosteo\\htd...')
#6 C:\Webosteo\htdocs\start.php(2): sg_load('D5D1A63A6B6692D...')
#7 {main}
05/10/2025 19:32:37 ------ FIN ------

05/10/2025 19:32:37 ------ DEBUT ------
05/10/2025 19:32:37 SQLSTATE[HY000]: General error: 1 no such column: paiement_montant_especes
05/10/2025 19:32:37 Erreur sur la requête : UPDATE consultation SET paiement_montant_especes = replace(paiement_montant_especes,'€','');
05/10/2025 19:32:37 Paramètres : 
05/10/2025 19:32:37 URI : /start.php
05/10/2025 19:32:37 FILENAME : /start.php
05/10/2025 19:32:37 TRACE ERREUR : 
#0 C:\Webosteo\htdocs\class\class_connexion.php(0): PDO->prepare('UPDATE consulta...')
#1 C:\Webosteo\htdocs\class\class_connexion.php(0): Connexion->executeTraite('UPDATE consulta...')
#2 C:\Webosteo\htdocs\class\class_connexion.php(0): Connexion->executeSQLFile('/database/datab...', true)
#3 C:\Webosteo\htdocs\config.php(0): Connexion->verifStructureTables()
#4 C:\Webosteo\htdocs\config.php(2): sg_load('D5D1A63A6B6692D...')
#5 C:\Webosteo\htdocs\start.php(0): include('C:\\Webosteo\\htd...')
#6 C:\Webosteo\htdocs\start.php(2): sg_load('D5D1A63A6B6692D...')
#7 {main}
05/10/2025 19:32:37 ------ FIN ------

05/10/2025 19:32:37 ------ DEBUT ------
05/10/2025 19:32:37 SQLSTATE[HY000]: General error: 1 no such column: paiement_montant_cb
05/10/2025 19:32:37 Erreur sur la requête : UPDATE consultation SET paiement_montant_cb = replace(paiement_montant_cb,'€','');
05/10/2025 19:32:37 Paramètres : 
05/10/2025 19:32:37 URI : /start.php
05/10/2025 19:32:37 FILENAME : /start.php
05/10/2025 19:32:37 TRACE ERREUR : 
#0 C:\Webosteo\htdocs\class\class_connexion.php(0): PDO->prepare('UPDATE consulta...')
#1 C:\Webosteo\htdocs\class\class_connexion.php(0): Connexion->executeTraite('UPDATE consulta...')
#2 C:\Webosteo\htdocs\class\class_connexion.php(0): Connexion->executeSQLFile('/database/datab...', true)
#3 C:\Webosteo\htdocs\config.php(0): Connexion->verifStructureTables()
#4 C:\Webosteo\htdocs\config.php(2): sg_load('D5D1A63A6B6692D...')
#5 C:\Webosteo\htdocs\start.php(0): include('C:\\Webosteo\\htd...')
#6 C:\Webosteo\htdocs\start.php(2): sg_load('D5D1A63A6B6692D...')
#7 {main}
05/10/2025 19:32:37 ------ FIN ------

05/10/2025 19:32:37 ------ DEBUT ------
05/10/2025 19:32:37 SQLSTATE[HY000]: General error: 1 no such column: paiement_montant_autre
05/10/2025 19:32:37 Erreur sur la requête : UPDATE consultation SET paiement_montant_autre = replace(paiement_montant_autre,'€','');
05/10/2025 19:32:37 Paramètres : 
05/10/2025 19:32:37 URI : /start.php
05/10/2025 19:32:37 FILENAME : /start.php
05/10/2025 19:32:37 TRACE ERREUR : 
#0 C:\Webosteo\htdocs\class\class_connexion.php(0): PDO->prepare('UPDATE consulta...')
#1 C:\Webosteo\htdocs\class\class_connexion.php(0): Connexion->executeTraite('UPDATE consulta...')
#2 C:\Webosteo\htdocs\class\class_connexion.php(0): Connexion->executeSQLFile('/database/datab...', true)
#3 C:\Webosteo\htdocs\config.php(0): Connexion->verifStructureTables()
#4 C:\Webosteo\htdocs\config.php(2): sg_load('D5D1A63A6B6692D...')
#5 C:\Webosteo\htdocs\start.php(0): include('C:\\Webosteo\\htd...')
#6 C:\Webosteo\htdocs\start.php(2): sg_load('D5D1A63A6B6692D...')
#7 {main}
05/10/2025 19:32:37 ------ FIN ------

05/10/2025 19:32:37 ------ DEBUT ------
05/10/2025 19:32:37 SQLSTATE[HY000]: General error: 1 no such column: paiement_montant_attente
05/10/2025 19:32:37 Erreur sur la requête : UPDATE consultation SET paiement_montant_attente = replace(paiement_montant_attente,'€','');
05/10/2025 19:32:37 Paramètres : 
05/10/2025 19:32:37 URI : /start.php
05/10/2025 19:32:37 FILENAME : /start.php
05/10/2025 19:32:37 TRACE ERREUR : 
#0 C:\Webosteo\htdocs\class\class_connexion.php(0): PDO->prepare('UPDATE consulta...')
#1 C:\Webosteo\htdocs\class\class_connexion.php(0): Connexion->executeTraite('UPDATE consulta...')
#2 C:\Webosteo\htdocs\class\class_connexion.php(0): Connexion->executeSQLFile('/database/datab...', true)
#3 C:\Webosteo\htdocs\config.php(0): Connexion->verifStructureTables()
#4 C:\Webosteo\htdocs\config.php(2): sg_load('D5D1A63A6B6692D...')
#5 C:\Webosteo\htdocs\start.php(0): include('C:\\Webosteo\\htd...')
#6 C:\Webosteo\htdocs\start.php(2): sg_load('D5D1A63A6B6692D...')
#7 {main}
05/10/2025 19:32:37 ------ FIN ------

05/10/2025 19:32:37 ------ DEBUT ------
05/10/2025 19:32:37 SQLSTATE[HY000]: General error: 1 no such column: paiement_montant_cheque
05/10/2025 19:32:37 Erreur sur la requête : UPDATE consultation SET paiement_montant_cheque = 0 where paiement_type_cheque <> '1';
05/10/2025 19:32:37 Paramètres : 
05/10/2025 19:32:37 URI : /start.php
05/10/2025 19:32:37 FILENAME : /start.php
05/10/2025 19:32:37 TRACE ERREUR : 
#0 C:\Webosteo\htdocs\class\class_connexion.php(0): PDO->prepare('UPDATE consulta...')
#1 C:\Webosteo\htdocs\class\class_connexion.php(0): Connexion->executeTraite('UPDATE consulta...')
#2 C:\Webosteo\htdocs\class\class_connexion.php(0): Connexion->executeSQLFile('/database/datab...', true)
#3 C:\Webosteo\htdocs\config.php(0): Connexion->verifStructureTables()
#4 C:\Webosteo\htdocs\config.php(2): sg_load('D5D1A63A6B6692D...')
#5 C:\Webosteo\htdocs\start.php(0): include('C:\\Webosteo\\htd...')
#6 C:\Webosteo\htdocs\start.php(2): sg_load('D5D1A63A6B6692D...')
#7 {main}
05/10/2025 19:32:37 ------ FIN ------

05/10/2025 19:32:37 ------ DEBUT ------
05/10/2025 19:32:37 SQLSTATE[HY000]: General error: 1 no such column: paiement_montant_especes
05/10/2025 19:32:37 Erreur sur la requête : UPDATE consultation SET paiement_montant_especes = 0 where paiement_type_especes <> '1';
05/10/2025 19:32:37 Paramètres : 
05/10/2025 19:32:37 URI : /start.php
05/10/2025 19:32:37 FILENAME : /start.php
05/10/2025 19:32:37 TRACE ERREUR : 
#0 C:\Webosteo\htdocs\class\class_connexion.php(0): PDO->prepare('UPDATE consulta...')
#1 C:\Webosteo\htdocs\class\class_connexion.php(0): Connexion->executeTraite('UPDATE consulta...')
#2 C:\Webosteo\htdocs\class\class_connexion.php(0): Connexion->executeSQLFile('/database/datab...', true)
#3 C:\Webosteo\htdocs\config.php(0): Connexion->verifStructureTables()
#4 C:\Webosteo\htdocs\config.php(2): sg_load('D5D1A63A6B6692D...')
#5 C:\Webosteo\htdocs\start.php(0): include('C:\\Webosteo\\htd...')
#6 C:\Webosteo\htdocs\start.php(2): sg_load('D5D1A63A6B6692D...')
#7 {main}
05/10/2025 19:32:37 ------ FIN ------

05/10/2025 19:32:37 ------ DEBUT ------
05/10/2025 19:32:37 SQLSTATE[HY000]: General error: 1 no such column: paiement_montant_cb
05/10/2025 19:32:37 Erreur sur la requête : UPDATE consultation SET paiement_montant_cb = 0 where paiement_type_cb <> '1';
05/10/2025 19:32:37 Paramètres : 
05/10/2025 19:32:37 URI : /start.php
05/10/2025 19:32:37 FILENAME : /start.php
05/10/2025 19:32:37 TRACE ERREUR : 
#0 C:\Webosteo\htdocs\class\class_connexion.php(0): PDO->prepare('UPDATE consulta...')
#1 C:\Webosteo\htdocs\class\class_connexion.php(0): Connexion->executeTraite('UPDATE consulta...')
#2 C:\Webosteo\htdocs\class\class_connexion.php(0): Connexion->executeSQLFile('/database/datab...', true)
#3 C:\Webosteo\htdocs\config.php(0): Connexion->verifStructureTables()
#4 C:\Webosteo\htdocs\config.php(2): sg_load('D5D1A63A6B6692D...')
#5 C:\Webosteo\htdocs\start.php(0): include('C:\\Webosteo\\htd...')
#6 C:\Webosteo\htdocs\start.php(2): sg_load('D5D1A63A6B6692D...')
#7 {main}
05/10/2025 19:32:37 ------ FIN ------

05/10/2025 19:32:37 ------ DEBUT ------
05/10/2025 19:32:37 SQLSTATE[HY000]: General error: 1 no such column: paiement_montant_autre
05/10/2025 19:32:37 Erreur sur la requête : UPDATE consultation SET paiement_montant_autre = 0 where paiement_type_autre <> '1';
05/10/2025 19:32:37 Paramètres : 
05/10/2025 19:32:37 URI : /start.php
05/10/2025 19:32:37 FILENAME : /start.php
05/10/2025 19:32:37 TRACE ERREUR : 
#0 C:\Webosteo\htdocs\class\class_connexion.php(0): PDO->prepare('UPDATE consulta...')
#1 C:\Webosteo\htdocs\class\class_connexion.php(0): Connexion->executeTraite('UPDATE consulta...')
#2 C:\Webosteo\htdocs\class\class_connexion.php(0): Connexion->executeSQLFile('/database/datab...', true)
#3 C:\Webosteo\htdocs\config.php(0): Connexion->verifStructureTables()
#4 C:\Webosteo\htdocs\config.php(2): sg_load('D5D1A63A6B6692D...')
#5 C:\Webosteo\htdocs\start.php(0): include('C:\\Webosteo\\htd...')
#6 C:\Webosteo\htdocs\start.php(2): sg_load('D5D1A63A6B6692D...')
#7 {main}
05/10/2025 19:32:37 ------ FIN ------

05/10/2025 19:32:37 ------ DEBUT ------
05/10/2025 19:32:37 SQLSTATE[HY000]: General error: 1 no such column: paiement_montant_attente
05/10/2025 19:32:37 Erreur sur la requête : UPDATE consultation SET paiement_montant_attente = 0 where paiement_type_attente <> '1';
05/10/2025 19:32:37 Paramètres : 
05/10/2025 19:32:37 URI : /start.php
05/10/2025 19:32:37 FILENAME : /start.php
05/10/2025 19:32:37 TRACE ERREUR : 
#0 C:\Webosteo\htdocs\class\class_connexion.php(0): PDO->prepare('UPDATE consulta...')
#1 C:\Webosteo\htdocs\class\class_connexion.php(0): Connexion->executeTraite('UPDATE consulta...')
#2 C:\Webosteo\htdocs\class\class_connexion.php(0): Connexion->executeSQLFile('/database/datab...', true)
#3 C:\Webosteo\htdocs\config.php(0): Connexion->verifStructureTables()
#4 C:\Webosteo\htdocs\config.php(2): sg_load('D5D1A63A6B6692D...')
#5 C:\Webosteo\htdocs\start.php(0): include('C:\\Webosteo\\htd...')
#6 C:\Webosteo\htdocs\start.php(2): sg_load('D5D1A63A6B6692D...')
#7 {main}
05/10/2025 19:32:37 ------ FIN ------

05/10/2025 19:32:37 ------ DEBUT ------
05/10/2025 19:32:37 SQLSTATE[HY000]: General error: 1 no such column: paiement_montant_cheque
05/10/2025 19:32:37 Erreur sur la requête : update consultation set paiement_montant_cheque=0 where typeof(paiement_montant_cheque)='text';
05/10/2025 19:32:37 Paramètres : 
05/10/2025 19:32:37 URI : /start.php
05/10/2025 19:32:37 FILENAME : /start.php
05/10/2025 19:32:37 TRACE ERREUR : 
#0 C:\Webosteo\htdocs\class\class_connexion.php(0): PDO->prepare('update consulta...')
#1 C:\Webosteo\htdocs\class\class_connexion.php(0): Connexion->executeTraite('update consulta...')
#2 C:\Webosteo\htdocs\class\class_connexion.php(0): Connexion->executeSQLFile('/database/datab...', true)
#3 C:\Webosteo\htdocs\config.php(0): Connexion->verifStructureTables()
#4 C:\Webosteo\htdocs\config.php(2): sg_load('D5D1A63A6B6692D...')
#5 C:\Webosteo\htdocs\start.php(0): include('C:\\Webosteo\\htd...')
#6 C:\Webosteo\htdocs\start.php(2): sg_load('D5D1A63A6B6692D...')
#7 {main}
05/10/2025 19:32:37 ------ FIN ------

05/10/2025 19:32:37 ------ DEBUT ------
05/10/2025 19:32:37 SQLSTATE[HY000]: General error: 1 no such column: paiement_montant_especes
05/10/2025 19:32:37 Erreur sur la requête : update consultation set paiement_montant_especes=0 where typeof(paiement_montant_especes)='text';
05/10/2025 19:32:37 Paramètres : 
05/10/2025 19:32:37 URI : /start.php
05/10/2025 19:32:37 FILENAME : /start.php
05/10/2025 19:32:37 TRACE ERREUR : 
#0 C:\Webosteo\htdocs\class\class_connexion.php(0): PDO->prepare('update consulta...')
#1 C:\Webosteo\htdocs\class\class_connexion.php(0): Connexion->executeTraite('update consulta...')
#2 C:\Webosteo\htdocs\class\class_connexion.php(0): Connexion->executeSQLFile('/database/datab...', true)
#3 C:\Webosteo\htdocs\config.php(0): Connexion->verifStructureTables()
#4 C:\Webosteo\htdocs\config.php(2): sg_load('D5D1A63A6B6692D...')
#5 C:\Webosteo\htdocs\start.php(0): include('C:\\Webosteo\\htd...')
#6 C:\Webosteo\htdocs\start.php(2): sg_load('D5D1A63A6B6692D...')
#7 {main}
05/10/2025 19:32:37 ------ FIN ------

05/10/2025 19:32:37 ------ DEBUT ------
05/10/2025 19:32:37 SQLSTATE[HY000]: General error: 1 no such column: paiement_montant_cb
05/10/2025 19:32:37 Erreur sur la requête : update consultation set paiement_montant_cb=0 where typeof(paiement_montant_cb)='text';
05/10/2025 19:32:37 Paramètres : 
05/10/2025 19:32:37 URI : /start.php
05/10/2025 19:32:37 FILENAME : /start.php
05/10/2025 19:32:37 TRACE ERREUR : 
#0 C:\Webosteo\htdocs\class\class_connexion.php(0): PDO->prepare('update consulta...')
#1 C:\Webosteo\htdocs\class\class_connexion.php(0): Connexion->executeTraite('update consulta...')
#2 C:\Webosteo\htdocs\class\class_connexion.php(0): Connexion->executeSQLFile('/database/datab...', true)
#3 C:\Webosteo\htdocs\config.php(0): Connexion->verifStructureTables()
#4 C:\Webosteo\htdocs\config.php(2): sg_load('D5D1A63A6B6692D...')
#5 C:\Webosteo\htdocs\start.php(0): include('C:\\Webosteo\\htd...')
#6 C:\Webosteo\htdocs\start.php(2): sg_load('D5D1A63A6B6692D...')
#7 {main}
05/10/2025 19:32:37 ------ FIN ------

05/10/2025 19:32:37 ------ DEBUT ------
05/10/2025 19:32:37 SQLSTATE[HY000]: General error: 1 no such column: paiement_montant_autre
05/10/2025 19:32:37 Erreur sur la requête : update consultation set paiement_montant_autre=0 where typeof(paiement_montant_autre)='text';
05/10/2025 19:32:37 Paramètres : 
05/10/2025 19:32:37 URI : /start.php
05/10/2025 19:32:37 FILENAME : /start.php
05/10/2025 19:32:37 TRACE ERREUR : 
#0 C:\Webosteo\htdocs\class\class_connexion.php(0): PDO->prepare('update consulta...')
#1 C:\Webosteo\htdocs\class\class_connexion.php(0): Connexion->executeTraite('update consulta...')
#2 C:\Webosteo\htdocs\class\class_connexion.php(0): Connexion->executeSQLFile('/database/datab...', true)
#3 C:\Webosteo\htdocs\config.php(0): Connexion->verifStructureTables()
#4 C:\Webosteo\htdocs\config.php(2): sg_load('D5D1A63A6B6692D...')
#5 C:\Webosteo\htdocs\start.php(0): include('C:\\Webosteo\\htd...')
#6 C:\Webosteo\htdocs\start.php(2): sg_load('D5D1A63A6B6692D...')
#7 {main}
05/10/2025 19:32:37 ------ FIN ------

05/10/2025 19:32:37 ------ DEBUT ------
05/10/2025 19:32:37 SQLSTATE[HY000]: General error: 1 no such column: paiement_montant_attente
05/10/2025 19:32:37 Erreur sur la requête : update consultation set paiement_montant_attente=0 where typeof(paiement_montant_attente)='text';
05/10/2025 19:32:37 Paramètres : 
05/10/2025 19:32:37 URI : /start.php
05/10/2025 19:32:37 FILENAME : /start.php
05/10/2025 19:32:37 TRACE ERREUR : 
#0 C:\Webosteo\htdocs\class\class_connexion.php(0): PDO->prepare('update consulta...')
#1 C:\Webosteo\htdocs\class\class_connexion.php(0): Connexion->executeTraite('update consulta...')
#2 C:\Webosteo\htdocs\class\class_connexion.php(0): Connexion->executeSQLFile('/database/datab...', true)
#3 C:\Webosteo\htdocs\config.php(0): Connexion->verifStructureTables()
#4 C:\Webosteo\htdocs\config.php(2): sg_load('D5D1A63A6B6692D...')
#5 C:\Webosteo\htdocs\start.php(0): include('C:\\Webosteo\\htd...')
#6 C:\Webosteo\htdocs\start.php(2): sg_load('D5D1A63A6B6692D...')
#7 {main}
05/10/2025 19:32:37 ------ FIN ------

05/10/2025 19:32:37 ------ DEBUT ------
05/10/2025 19:32:37 SQLSTATE[HY000]: General error: 1 no such column: paiement_type_especes
05/10/2025 19:32:37 Erreur sur la requête : update consultation set paiement_type_especes='0' where paiement_type_especes is null;
05/10/2025 19:32:37 Paramètres : 
05/10/2025 19:32:37 URI : /start.php
05/10/2025 19:32:37 FILENAME : /start.php
05/10/2025 19:32:37 TRACE ERREUR : 
#0 C:\Webosteo\htdocs\class\class_connexion.php(0): PDO->prepare('update consulta...')
#1 C:\Webosteo\htdocs\class\class_connexion.php(0): Connexion->executeTraite('update consulta...')
#2 C:\Webosteo\htdocs\class\class_connexion.php(0): Connexion->executeSQLFile('/database/datab...', true)
#3 C:\Webosteo\htdocs\config.php(0): Connexion->verifStructureTables()
#4 C:\Webosteo\htdocs\config.php(2): sg_load('D5D1A63A6B6692D...')
#5 C:\Webosteo\htdocs\start.php(0): include('C:\\Webosteo\\htd...')
#6 C:\Webosteo\htdocs\start.php(2): sg_load('D5D1A63A6B6692D...')
#7 {main}
05/10/2025 19:32:37 ------ FIN ------

05/10/2025 19:32:37 ------ DEBUT ------
05/10/2025 19:32:37 SQLSTATE[HY000]: General error: 1 no such column: paiement_type_cheque
05/10/2025 19:32:37 Erreur sur la requête : update consultation set paiement_type_cheque='0' where paiement_type_cheque is null;
05/10/2025 19:32:37 Paramètres : 
05/10/2025 19:32:37 URI : /start.php
05/10/2025 19:32:37 FILENAME : /start.php
05/10/2025 19:32:37 TRACE ERREUR : 
#0 C:\Webosteo\htdocs\class\class_connexion.php(0): PDO->prepare('update consulta...')
#1 C:\Webosteo\htdocs\class\class_connexion.php(0): Connexion->executeTraite('update consulta...')
#2 C:\Webosteo\htdocs\class\class_connexion.php(0): Connexion->executeSQLFile('/database/datab...', true)
#3 C:\Webosteo\htdocs\config.php(0): Connexion->verifStructureTables()
#4 C:\Webosteo\htdocs\config.php(2): sg_load('D5D1A63A6B6692D...')
#5 C:\Webosteo\htdocs\start.php(0): include('C:\\Webosteo\\htd...')
#6 C:\Webosteo\htdocs\start.php(2): sg_load('D5D1A63A6B6692D...')
#7 {main}
05/10/2025 19:32:37 ------ FIN ------

05/10/2025 19:32:37 ------ DEBUT ------
05/10/2025 19:32:37 SQLSTATE[HY000]: General error: 1 no such column: paiement_type_cb
05/10/2025 19:32:37 Erreur sur la requête : update consultation set paiement_type_cb='0' where paiement_type_cb is null;
05/10/2025 19:32:37 Paramètres : 
05/10/2025 19:32:37 URI : /start.php
05/10/2025 19:32:37 FILENAME : /start.php
05/10/2025 19:32:37 TRACE ERREUR : 
#0 C:\Webosteo\htdocs\class\class_connexion.php(0): PDO->prepare('update consulta...')
#1 C:\Webosteo\htdocs\class\class_connexion.php(0): Connexion->executeTraite('update consulta...')
#2 C:\Webosteo\htdocs\class\class_connexion.php(0): Connexion->executeSQLFile('/database/datab...', true)
#3 C:\Webosteo\htdocs\config.php(0): Connexion->verifStructureTables()
#4 C:\Webosteo\htdocs\config.php(2): sg_load('D5D1A63A6B6692D...')
#5 C:\Webosteo\htdocs\start.php(0): include('C:\\Webosteo\\htd...')
#6 C:\Webosteo\htdocs\start.php(2): sg_load('D5D1A63A6B6692D...')
#7 {main}
05/10/2025 19:32:37 ------ FIN ------

05/10/2025 19:32:37 ------ DEBUT ------
05/10/2025 19:32:37 SQLSTATE[HY000]: General error: 1 no such column: paiement_type_autre
05/10/2025 19:32:37 Erreur sur la requête : update consultation set paiement_type_autre='0' where paiement_type_autre is null;
05/10/2025 19:32:37 Paramètres : 
05/10/2025 19:32:37 URI : /start.php
05/10/2025 19:32:37 FILENAME : /start.php
05/10/2025 19:32:37 TRACE ERREUR : 
#0 C:\Webosteo\htdocs\class\class_connexion.php(0): PDO->prepare('update consulta...')
#1 C:\Webosteo\htdocs\class\class_connexion.php(0): Connexion->executeTraite('update consulta...')
#2 C:\Webosteo\htdocs\class\class_connexion.php(0): Connexion->executeSQLFile('/database/datab...', true)
#3 C:\Webosteo\htdocs\config.php(0): Connexion->verifStructureTables()
#4 C:\Webosteo\htdocs\config.php(2): sg_load('D5D1A63A6B6692D...')
#5 C:\Webosteo\htdocs\start.php(0): include('C:\\Webosteo\\htd...')
#6 C:\Webosteo\htdocs\start.php(2): sg_load('D5D1A63A6B6692D...')
#7 {main}
05/10/2025 19:32:37 ------ FIN ------

05/10/2025 19:32:37 ------ DEBUT ------
05/10/2025 19:32:37 SQLSTATE[HY000]: General error: 1 no such column: paiement_type_attente
05/10/2025 19:32:37 Erreur sur la requête : update consultation set paiement_type_attente='0' where paiement_type_attente is null;
05/10/2025 19:32:37 Paramètres : 
05/10/2025 19:32:37 URI : /start.php
05/10/2025 19:32:37 FILENAME : /start.php
05/10/2025 19:32:37 TRACE ERREUR : 
#0 C:\Webosteo\htdocs\class\class_connexion.php(0): PDO->prepare('update consulta...')
#1 C:\Webosteo\htdocs\class\class_connexion.php(0): Connexion->executeTraite('update consulta...')
#2 C:\Webosteo\htdocs\class\class_connexion.php(0): Connexion->executeSQLFile('/database/datab...', true)
#3 C:\Webosteo\htdocs\config.php(0): Connexion->verifStructureTables()
#4 C:\Webosteo\htdocs\config.php(2): sg_load('D5D1A63A6B6692D...')
#5 C:\Webosteo\htdocs\start.php(0): include('C:\\Webosteo\\htd...')
#6 C:\Webosteo\htdocs\start.php(2): sg_load('D5D1A63A6B6692D...')
#7 {main}
05/10/2025 19:32:37 ------ FIN ------

05/10/2025 19:32:37 ------ DEBUT ------
05/10/2025 19:32:37 SQLSTATE[HY000]: General error: 1 no such column: paiement_type_gratuit
05/10/2025 19:32:37 Erreur sur la requête : update consultation set paiement_type_gratuit='0' where paiement_type_gratuit is null;
05/10/2025 19:32:37 Paramètres : 
05/10/2025 19:32:37 URI : /start.php
05/10/2025 19:32:37 FILENAME : /start.php
05/10/2025 19:32:37 TRACE ERREUR : 
#0 C:\Webosteo\htdocs\class\class_connexion.php(0): PDO->prepare('update consulta...')
#1 C:\Webosteo\htdocs\class\class_connexion.php(0): Connexion->executeTraite('update consulta...')
#2 C:\Webosteo\htdocs\class\class_connexion.php(0): Connexion->executeSQLFile('/database/datab...', true)
#3 C:\Webosteo\htdocs\config.php(0): Connexion->verifStructureTables()
#4 C:\Webosteo\htdocs\config.php(2): sg_load('D5D1A63A6B6692D...')
#5 C:\Webosteo\htdocs\start.php(0): include('C:\\Webosteo\\htd...')
#6 C:\Webosteo\htdocs\start.php(2): sg_load('D5D1A63A6B6692D...')
#7 {main}
05/10/2025 19:32:37 ------ FIN ------

05/10/2025 19:32:37 ------ DEBUT ------
05/10/2025 19:32:37 SQLSTATE[HY000]: General error: 1 table config has 3 columns but 2 values were supplied
05/10/2025 19:32:37 Erreur sur la requête : INSERT INTO config VALUES("objet_lettre_relance_1","Recommandation séances de kiné");
05/10/2025 19:32:37 Paramètres : 
05/10/2025 19:32:37 URI : /start.php
05/10/2025 19:32:37 FILENAME : /start.php
05/10/2025 19:32:37 TRACE ERREUR : 
#0 C:\Webosteo\htdocs\class\class_connexion.php(0): PDO->prepare('INSERT INTO con...')
#1 C:\Webosteo\htdocs\class\class_connexion.php(0): Connexion->executeTraite('INSERT INTO con...')
#2 C:\Webosteo\htdocs\class\class_connexion.php(0): Connexion->executeSQLFile('/database/datab...', true)
#3 C:\Webosteo\htdocs\config.php(0): Connexion->verifStructureTables()
#4 C:\Webosteo\htdocs\config.php(2): sg_load('D5D1A63A6B6692D...')
#5 C:\Webosteo\htdocs\start.php(0): include('C:\\Webosteo\\htd...')
#6 C:\Webosteo\htdocs\start.php(2): sg_load('D5D1A63A6B6692D...')
#7 {main}
05/10/2025 19:32:37 ------ FIN ------

05/10/2025 19:34:47 ------ DEBUT ------
05/10/2025 19:34:47 SQLSTATE[HY000]: General error: 1 no such column: paiement_montant_cheque
05/10/2025 19:34:47 Erreur sur la requête : UPDATE consultation SET paiement_montant_cheque = replace(paiement_montant_cheque,'€','');
05/10/2025 19:34:47 Paramètres : 
05/10/2025 19:34:47 URI : /ajax/restore.php
05/10/2025 19:34:47 FILENAME : /ajax/restore.php
05/10/2025 19:34:47 TRACE ERREUR : 
#0 C:\Webosteo\htdocs\class\class_connexion.php(0): PDO->prepare('UPDATE consulta...')
#1 C:\Webosteo\htdocs\class\class_connexion.php(0): Connexion->executeTraite('UPDATE consulta...')
#2 C:\Webosteo\htdocs\class\class_connexion.php(0): Connexion->executeSQLFile('/database/datab...', true)
#3 C:\Webosteo\htdocs\class\class_connexion.php(0): Connexion->verifStructureTables()
#4 C:\Webosteo\htdocs\ajax\restore.php(0): Connexion->restoreFile('C:/Webosteo/htd...')
#5 C:\Webosteo\htdocs\ajax\restore.php(2): sg_load('D5D1A63A6B6692D...')
#6 {main}
05/10/2025 19:34:47 ------ FIN ------

05/10/2025 19:34:47 ------ DEBUT ------
05/10/2025 19:34:47 SQLSTATE[HY000]: General error: 1 no such column: paiement_montant_especes
05/10/2025 19:34:47 Erreur sur la requête : UPDATE consultation SET paiement_montant_especes = replace(paiement_montant_especes,'€','');
05/10/2025 19:34:47 Paramètres : 
05/10/2025 19:34:47 URI : /ajax/restore.php
05/10/2025 19:34:47 FILENAME : /ajax/restore.php
05/10/2025 19:34:47 TRACE ERREUR : 
#0 C:\Webosteo\htdocs\class\class_connexion.php(0): PDO->prepare('UPDATE consulta...')
#1 C:\Webosteo\htdocs\class\class_connexion.php(0): Connexion->executeTraite('UPDATE consulta...')
#2 C:\Webosteo\htdocs\class\class_connexion.php(0): Connexion->executeSQLFile('/database/datab...', true)
#3 C:\Webosteo\htdocs\class\class_connexion.php(0): Connexion->verifStructureTables()
#4 C:\Webosteo\htdocs\ajax\restore.php(0): Connexion->restoreFile('C:/Webosteo/htd...')
#5 C:\Webosteo\htdocs\ajax\restore.php(2): sg_load('D5D1A63A6B6692D...')
#6 {main}
05/10/2025 19:34:47 ------ FIN ------

05/10/2025 19:34:47 ------ DEBUT ------
05/10/2025 19:34:47 SQLSTATE[HY000]: General error: 1 no such column: paiement_montant_cb
05/10/2025 19:34:47 Erreur sur la requête : UPDATE consultation SET paiement_montant_cb = replace(paiement_montant_cb,'€','');
05/10/2025 19:34:47 Paramètres : 
05/10/2025 19:34:47 URI : /ajax/restore.php
05/10/2025 19:34:47 FILENAME : /ajax/restore.php
05/10/2025 19:34:47 TRACE ERREUR : 
#0 C:\Webosteo\htdocs\class\class_connexion.php(0): PDO->prepare('UPDATE consulta...')
#1 C:\Webosteo\htdocs\class\class_connexion.php(0): Connexion->executeTraite('UPDATE consulta...')
#2 C:\Webosteo\htdocs\class\class_connexion.php(0): Connexion->executeSQLFile('/database/datab...', true)
#3 C:\Webosteo\htdocs\class\class_connexion.php(0): Connexion->verifStructureTables()
#4 C:\Webosteo\htdocs\ajax\restore.php(0): Connexion->restoreFile('C:/Webosteo/htd...')
#5 C:\Webosteo\htdocs\ajax\restore.php(2): sg_load('D5D1A63A6B6692D...')
#6 {main}
05/10/2025 19:34:47 ------ FIN ------

05/10/2025 19:34:47 ------ DEBUT ------
05/10/2025 19:34:47 SQLSTATE[HY000]: General error: 1 no such column: paiement_montant_autre
05/10/2025 19:34:47 Erreur sur la requête : UPDATE consultation SET paiement_montant_autre = replace(paiement_montant_autre,'€','');
05/10/2025 19:34:47 Paramètres : 
05/10/2025 19:34:47 URI : /ajax/restore.php
05/10/2025 19:34:47 FILENAME : /ajax/restore.php
05/10/2025 19:34:47 TRACE ERREUR : 
#0 C:\Webosteo\htdocs\class\class_connexion.php(0): PDO->prepare('UPDATE consulta...')
#1 C:\Webosteo\htdocs\class\class_connexion.php(0): Connexion->executeTraite('UPDATE consulta...')
#2 C:\Webosteo\htdocs\class\class_connexion.php(0): Connexion->executeSQLFile('/database/datab...', true)
#3 C:\Webosteo\htdocs\class\class_connexion.php(0): Connexion->verifStructureTables()
#4 C:\Webosteo\htdocs\ajax\restore.php(0): Connexion->restoreFile('C:/Webosteo/htd...')
#5 C:\Webosteo\htdocs\ajax\restore.php(2): sg_load('D5D1A63A6B6692D...')
#6 {main}
05/10/2025 19:34:47 ------ FIN ------

05/10/2025 19:34:47 ------ DEBUT ------
05/10/2025 19:34:47 SQLSTATE[HY000]: General error: 1 no such column: paiement_montant_attente
05/10/2025 19:34:47 Erreur sur la requête : UPDATE consultation SET paiement_montant_attente = replace(paiement_montant_attente,'€','');
05/10/2025 19:34:47 Paramètres : 
05/10/2025 19:34:47 URI : /ajax/restore.php
05/10/2025 19:34:47 FILENAME : /ajax/restore.php
05/10/2025 19:34:47 TRACE ERREUR : 
#0 C:\Webosteo\htdocs\class\class_connexion.php(0): PDO->prepare('UPDATE consulta...')
#1 C:\Webosteo\htdocs\class\class_connexion.php(0): Connexion->executeTraite('UPDATE consulta...')
#2 C:\Webosteo\htdocs\class\class_connexion.php(0): Connexion->executeSQLFile('/database/datab...', true)
#3 C:\Webosteo\htdocs\class\class_connexion.php(0): Connexion->verifStructureTables()
#4 C:\Webosteo\htdocs\ajax\restore.php(0): Connexion->restoreFile('C:/Webosteo/htd...')
#5 C:\Webosteo\htdocs\ajax\restore.php(2): sg_load('D5D1A63A6B6692D...')
#6 {main}
05/10/2025 19:34:47 ------ FIN ------

05/10/2025 19:34:47 ------ DEBUT ------
05/10/2025 19:34:47 SQLSTATE[HY000]: General error: 1 no such column: paiement_montant_cheque
05/10/2025 19:34:47 Erreur sur la requête : UPDATE consultation SET paiement_montant_cheque = 0 where paiement_type_cheque <> '1';
05/10/2025 19:34:47 Paramètres : 
05/10/2025 19:34:47 URI : /ajax/restore.php
05/10/2025 19:34:47 FILENAME : /ajax/restore.php
05/10/2025 19:34:47 TRACE ERREUR : 
#0 C:\Webosteo\htdocs\class\class_connexion.php(0): PDO->prepare('UPDATE consulta...')
#1 C:\Webosteo\htdocs\class\class_connexion.php(0): Connexion->executeTraite('UPDATE consulta...')
#2 C:\Webosteo\htdocs\class\class_connexion.php(0): Connexion->executeSQLFile('/database/datab...', true)
#3 C:\Webosteo\htdocs\class\class_connexion.php(0): Connexion->verifStructureTables()
#4 C:\Webosteo\htdocs\ajax\restore.php(0): Connexion->restoreFile('C:/Webosteo/htd...')
#5 C:\Webosteo\htdocs\ajax\restore.php(2): sg_load('D5D1A63A6B6692D...')
#6 {main}
05/10/2025 19:34:47 ------ FIN ------

05/10/2025 19:34:47 ------ DEBUT ------
05/10/2025 19:34:47 SQLSTATE[HY000]: General error: 1 no such column: paiement_montant_especes
05/10/2025 19:34:47 Erreur sur la requête : UPDATE consultation SET paiement_montant_especes = 0 where paiement_type_especes <> '1';
05/10/2025 19:34:47 Paramètres : 
05/10/2025 19:34:47 URI : /ajax/restore.php
05/10/2025 19:34:47 FILENAME : /ajax/restore.php
05/10/2025 19:34:47 TRACE ERREUR : 
#0 C:\Webosteo\htdocs\class\class_connexion.php(0): PDO->prepare('UPDATE consulta...')
#1 C:\Webosteo\htdocs\class\class_connexion.php(0): Connexion->executeTraite('UPDATE consulta...')
#2 C:\Webosteo\htdocs\class\class_connexion.php(0): Connexion->executeSQLFile('/database/datab...', true)
#3 C:\Webosteo\htdocs\class\class_connexion.php(0): Connexion->verifStructureTables()
#4 C:\Webosteo\htdocs\ajax\restore.php(0): Connexion->restoreFile('C:/Webosteo/htd...')
#5 C:\Webosteo\htdocs\ajax\restore.php(2): sg_load('D5D1A63A6B6692D...')
#6 {main}
05/10/2025 19:34:47 ------ FIN ------

05/10/2025 19:34:47 ------ DEBUT ------
05/10/2025 19:34:47 SQLSTATE[HY000]: General error: 1 no such column: paiement_montant_cb
05/10/2025 19:34:47 Erreur sur la requête : UPDATE consultation SET paiement_montant_cb = 0 where paiement_type_cb <> '1';
05/10/2025 19:34:47 Paramètres : 
05/10/2025 19:34:47 URI : /ajax/restore.php
05/10/2025 19:34:47 FILENAME : /ajax/restore.php
05/10/2025 19:34:47 TRACE ERREUR : 
#0 C:\Webosteo\htdocs\class\class_connexion.php(0): PDO->prepare('UPDATE consulta...')
#1 C:\Webosteo\htdocs\class\class_connexion.php(0): Connexion->executeTraite('UPDATE consulta...')
#2 C:\Webosteo\htdocs\class\class_connexion.php(0): Connexion->executeSQLFile('/database/datab...', true)
#3 C:\Webosteo\htdocs\class\class_connexion.php(0): Connexion->verifStructureTables()
#4 C:\Webosteo\htdocs\ajax\restore.php(0): Connexion->restoreFile('C:/Webosteo/htd...')
#5 C:\Webosteo\htdocs\ajax\restore.php(2): sg_load('D5D1A63A6B6692D...')
#6 {main}
05/10/2025 19:34:47 ------ FIN ------

05/10/2025 19:34:47 ------ DEBUT ------
05/10/2025 19:34:47 SQLSTATE[HY000]: General error: 1 no such column: paiement_montant_autre
05/10/2025 19:34:47 Erreur sur la requête : UPDATE consultation SET paiement_montant_autre = 0 where paiement_type_autre <> '1';
05/10/2025 19:34:47 Paramètres : 
05/10/2025 19:34:47 URI : /ajax/restore.php
05/10/2025 19:34:47 FILENAME : /ajax/restore.php
05/10/2025 19:34:47 TRACE ERREUR : 
#0 C:\Webosteo\htdocs\class\class_connexion.php(0): PDO->prepare('UPDATE consulta...')
#1 C:\Webosteo\htdocs\class\class_connexion.php(0): Connexion->executeTraite('UPDATE consulta...')
#2 C:\Webosteo\htdocs\class\class_connexion.php(0): Connexion->executeSQLFile('/database/datab...', true)
#3 C:\Webosteo\htdocs\class\class_connexion.php(0): Connexion->verifStructureTables()
#4 C:\Webosteo\htdocs\ajax\restore.php(0): Connexion->restoreFile('C:/Webosteo/htd...')
#5 C:\Webosteo\htdocs\ajax\restore.php(2): sg_load('D5D1A63A6B6692D...')
#6 {main}
05/10/2025 19:34:47 ------ FIN ------

05/10/2025 19:34:47 ------ DEBUT ------
05/10/2025 19:34:47 SQLSTATE[HY000]: General error: 1 no such column: paiement_montant_attente
05/10/2025 19:34:47 Erreur sur la requête : UPDATE consultation SET paiement_montant_attente = 0 where paiement_type_attente <> '1';
05/10/2025 19:34:47 Paramètres : 
05/10/2025 19:34:47 URI : /ajax/restore.php
05/10/2025 19:34:47 FILENAME : /ajax/restore.php
05/10/2025 19:34:47 TRACE ERREUR : 
#0 C:\Webosteo\htdocs\class\class_connexion.php(0): PDO->prepare('UPDATE consulta...')
#1 C:\Webosteo\htdocs\class\class_connexion.php(0): Connexion->executeTraite('UPDATE consulta...')
#2 C:\Webosteo\htdocs\class\class_connexion.php(0): Connexion->executeSQLFile('/database/datab...', true)
#3 C:\Webosteo\htdocs\class\class_connexion.php(0): Connexion->verifStructureTables()
#4 C:\Webosteo\htdocs\ajax\restore.php(0): Connexion->restoreFile('C:/Webosteo/htd...')
#5 C:\Webosteo\htdocs\ajax\restore.php(2): sg_load('D5D1A63A6B6692D...')
#6 {main}
05/10/2025 19:34:47 ------ FIN ------

05/10/2025 19:34:47 ------ DEBUT ------
05/10/2025 19:34:47 SQLSTATE[HY000]: General error: 1 no such column: paiement_montant_cheque
05/10/2025 19:34:47 Erreur sur la requête : update consultation set paiement_montant_cheque=0 where typeof(paiement_montant_cheque)='text';
05/10/2025 19:34:47 Paramètres : 
05/10/2025 19:34:47 URI : /ajax/restore.php
05/10/2025 19:34:47 FILENAME : /ajax/restore.php
05/10/2025 19:34:47 TRACE ERREUR : 
#0 C:\Webosteo\htdocs\class\class_connexion.php(0): PDO->prepare('update consulta...')
#1 C:\Webosteo\htdocs\class\class_connexion.php(0): Connexion->executeTraite('update consulta...')
#2 C:\Webosteo\htdocs\class\class_connexion.php(0): Connexion->executeSQLFile('/database/datab...', true)
#3 C:\Webosteo\htdocs\class\class_connexion.php(0): Connexion->verifStructureTables()
#4 C:\Webosteo\htdocs\ajax\restore.php(0): Connexion->restoreFile('C:/Webosteo/htd...')
#5 C:\Webosteo\htdocs\ajax\restore.php(2): sg_load('D5D1A63A6B6692D...')
#6 {main}
05/10/2025 19:34:47 ------ FIN ------

05/10/2025 19:34:47 ------ DEBUT ------
05/10/2025 19:34:47 SQLSTATE[HY000]: General error: 1 no such column: paiement_montant_especes
05/10/2025 19:34:47 Erreur sur la requête : update consultation set paiement_montant_especes=0 where typeof(paiement_montant_especes)='text';
05/10/2025 19:34:47 Paramètres : 
05/10/2025 19:34:47 URI : /ajax/restore.php
05/10/2025 19:34:47 FILENAME : /ajax/restore.php
05/10/2025 19:34:47 TRACE ERREUR : 
#0 C:\Webosteo\htdocs\class\class_connexion.php(0): PDO->prepare('update consulta...')
#1 C:\Webosteo\htdocs\class\class_connexion.php(0): Connexion->executeTraite('update consulta...')
#2 C:\Webosteo\htdocs\class\class_connexion.php(0): Connexion->executeSQLFile('/database/datab...', true)
#3 C:\Webosteo\htdocs\class\class_connexion.php(0): Connexion->verifStructureTables()
#4 C:\Webosteo\htdocs\ajax\restore.php(0): Connexion->restoreFile('C:/Webosteo/htd...')
#5 C:\Webosteo\htdocs\ajax\restore.php(2): sg_load('D5D1A63A6B6692D...')
#6 {main}
05/10/2025 19:34:47 ------ FIN ------

05/10/2025 19:34:47 ------ DEBUT ------
05/10/2025 19:34:47 SQLSTATE[HY000]: General error: 1 no such column: paiement_montant_cb
05/10/2025 19:34:47 Erreur sur la requête : update consultation set paiement_montant_cb=0 where typeof(paiement_montant_cb)='text';
05/10/2025 19:34:47 Paramètres : 
05/10/2025 19:34:47 URI : /ajax/restore.php
05/10/2025 19:34:47 FILENAME : /ajax/restore.php
05/10/2025 19:34:47 TRACE ERREUR : 
#0 C:\Webosteo\htdocs\class\class_connexion.php(0): PDO->prepare('update consulta...')
#1 C:\Webosteo\htdocs\class\class_connexion.php(0): Connexion->executeTraite('update consulta...')
#2 C:\Webosteo\htdocs\class\class_connexion.php(0): Connexion->executeSQLFile('/database/datab...', true)
#3 C:\Webosteo\htdocs\class\class_connexion.php(0): Connexion->verifStructureTables()
#4 C:\Webosteo\htdocs\ajax\restore.php(0): Connexion->restoreFile('C:/Webosteo/htd...')
#5 C:\Webosteo\htdocs\ajax\restore.php(2): sg_load('D5D1A63A6B6692D...')
#6 {main}
05/10/2025 19:34:47 ------ FIN ------

05/10/2025 19:34:47 ------ DEBUT ------
05/10/2025 19:34:47 SQLSTATE[HY000]: General error: 1 no such column: paiement_montant_autre
05/10/2025 19:34:47 Erreur sur la requête : update consultation set paiement_montant_autre=0 where typeof(paiement_montant_autre)='text';
05/10/2025 19:34:47 Paramètres : 
05/10/2025 19:34:47 URI : /ajax/restore.php
05/10/2025 19:34:47 FILENAME : /ajax/restore.php
05/10/2025 19:34:47 TRACE ERREUR : 
#0 C:\Webosteo\htdocs\class\class_connexion.php(0): PDO->prepare('update consulta...')
#1 C:\Webosteo\htdocs\class\class_connexion.php(0): Connexion->executeTraite('update consulta...')
#2 C:\Webosteo\htdocs\class\class_connexion.php(0): Connexion->executeSQLFile('/database/datab...', true)
#3 C:\Webosteo\htdocs\class\class_connexion.php(0): Connexion->verifStructureTables()
#4 C:\Webosteo\htdocs\ajax\restore.php(0): Connexion->restoreFile('C:/Webosteo/htd...')
#5 C:\Webosteo\htdocs\ajax\restore.php(2): sg_load('D5D1A63A6B6692D...')
#6 {main}
05/10/2025 19:34:47 ------ FIN ------

05/10/2025 19:34:47 ------ DEBUT ------
05/10/2025 19:34:47 SQLSTATE[HY000]: General error: 1 no such column: paiement_montant_attente
05/10/2025 19:34:47 Erreur sur la requête : update consultation set paiement_montant_attente=0 where typeof(paiement_montant_attente)='text';
05/10/2025 19:34:47 Paramètres : 
05/10/2025 19:34:47 URI : /ajax/restore.php
05/10/2025 19:34:47 FILENAME : /ajax/restore.php
05/10/2025 19:34:47 TRACE ERREUR : 
#0 C:\Webosteo\htdocs\class\class_connexion.php(0): PDO->prepare('update consulta...')
#1 C:\Webosteo\htdocs\class\class_connexion.php(0): Connexion->executeTraite('update consulta...')
#2 C:\Webosteo\htdocs\class\class_connexion.php(0): Connexion->executeSQLFile('/database/datab...', true)
#3 C:\Webosteo\htdocs\class\class_connexion.php(0): Connexion->verifStructureTables()
#4 C:\Webosteo\htdocs\ajax\restore.php(0): Connexion->restoreFile('C:/Webosteo/htd...')
#5 C:\Webosteo\htdocs\ajax\restore.php(2): sg_load('D5D1A63A6B6692D...')
#6 {main}
05/10/2025 19:34:47 ------ FIN ------

05/10/2025 19:34:47 ------ DEBUT ------
05/10/2025 19:34:47 SQLSTATE[HY000]: General error: 1 no such column: paiement_type_especes
05/10/2025 19:34:47 Erreur sur la requête : update consultation set paiement_type_especes='0' where paiement_type_especes is null;
05/10/2025 19:34:47 Paramètres : 
05/10/2025 19:34:47 URI : /ajax/restore.php
05/10/2025 19:34:47 FILENAME : /ajax/restore.php
05/10/2025 19:34:47 TRACE ERREUR : 
#0 C:\Webosteo\htdocs\class\class_connexion.php(0): PDO->prepare('update consulta...')
#1 C:\Webosteo\htdocs\class\class_connexion.php(0): Connexion->executeTraite('update consulta...')
#2 C:\Webosteo\htdocs\class\class_connexion.php(0): Connexion->executeSQLFile('/database/datab...', true)
#3 C:\Webosteo\htdocs\class\class_connexion.php(0): Connexion->verifStructureTables()
#4 C:\Webosteo\htdocs\ajax\restore.php(0): Connexion->restoreFile('C:/Webosteo/htd...')
#5 C:\Webosteo\htdocs\ajax\restore.php(2): sg_load('D5D1A63A6B6692D...')
#6 {main}
05/10/2025 19:34:47 ------ FIN ------

05/10/2025 19:34:47 ------ DEBUT ------
05/10/2025 19:34:47 SQLSTATE[HY000]: General error: 1 no such column: paiement_type_cheque
05/10/2025 19:34:47 Erreur sur la requête : update consultation set paiement_type_cheque='0' where paiement_type_cheque is null;
05/10/2025 19:34:47 Paramètres : 
05/10/2025 19:34:47 URI : /ajax/restore.php
05/10/2025 19:34:47 FILENAME : /ajax/restore.php
05/10/2025 19:34:47 TRACE ERREUR : 
#0 C:\Webosteo\htdocs\class\class_connexion.php(0): PDO->prepare('update consulta...')
#1 C:\Webosteo\htdocs\class\class_connexion.php(0): Connexion->executeTraite('update consulta...')
#2 C:\Webosteo\htdocs\class\class_connexion.php(0): Connexion->executeSQLFile('/database/datab...', true)
#3 C:\Webosteo\htdocs\class\class_connexion.php(0): Connexion->verifStructureTables()
#4 C:\Webosteo\htdocs\ajax\restore.php(0): Connexion->restoreFile('C:/Webosteo/htd...')
#5 C:\Webosteo\htdocs\ajax\restore.php(2): sg_load('D5D1A63A6B6692D...')
#6 {main}
05/10/2025 19:34:47 ------ FIN ------

05/10/2025 19:34:47 ------ DEBUT ------
05/10/2025 19:34:47 SQLSTATE[HY000]: General error: 1 no such column: paiement_type_cb
05/10/2025 19:34:47 Erreur sur la requête : update consultation set paiement_type_cb='0' where paiement_type_cb is null;
05/10/2025 19:34:47 Paramètres : 
05/10/2025 19:34:47 URI : /ajax/restore.php
05/10/2025 19:34:47 FILENAME : /ajax/restore.php
05/10/2025 19:34:47 TRACE ERREUR : 
#0 C:\Webosteo\htdocs\class\class_connexion.php(0): PDO->prepare('update consulta...')
#1 C:\Webosteo\htdocs\class\class_connexion.php(0): Connexion->executeTraite('update consulta...')
#2 C:\Webosteo\htdocs\class\class_connexion.php(0): Connexion->executeSQLFile('/database/datab...', true)
#3 C:\Webosteo\htdocs\class\class_connexion.php(0): Connexion->verifStructureTables()
#4 C:\Webosteo\htdocs\ajax\restore.php(0): Connexion->restoreFile('C:/Webosteo/htd...')
#5 C:\Webosteo\htdocs\ajax\restore.php(2): sg_load('D5D1A63A6B6692D...')
#6 {main}
05/10/2025 19:34:47 ------ FIN ------

05/10/2025 19:34:47 ------ DEBUT ------
05/10/2025 19:34:47 SQLSTATE[HY000]: General error: 1 no such column: paiement_type_autre
05/10/2025 19:34:47 Erreur sur la requête : update consultation set paiement_type_autre='0' where paiement_type_autre is null;
05/10/2025 19:34:47 Paramètres : 
05/10/2025 19:34:47 URI : /ajax/restore.php
05/10/2025 19:34:47 FILENAME : /ajax/restore.php
05/10/2025 19:34:47 TRACE ERREUR : 
#0 C:\Webosteo\htdocs\class\class_connexion.php(0): PDO->prepare('update consulta...')
#1 C:\Webosteo\htdocs\class\class_connexion.php(0): Connexion->executeTraite('update consulta...')
#2 C:\Webosteo\htdocs\class\class_connexion.php(0): Connexion->executeSQLFile('/database/datab...', true)
#3 C:\Webosteo\htdocs\class\class_connexion.php(0): Connexion->verifStructureTables()
#4 C:\Webosteo\htdocs\ajax\restore.php(0): Connexion->restoreFile('C:/Webosteo/htd...')
#5 C:\Webosteo\htdocs\ajax\restore.php(2): sg_load('D5D1A63A6B6692D...')
#6 {main}
05/10/2025 19:34:47 ------ FIN ------

05/10/2025 19:34:47 ------ DEBUT ------
05/10/2025 19:34:47 SQLSTATE[HY000]: General error: 1 no such column: paiement_type_attente
05/10/2025 19:34:47 Erreur sur la requête : update consultation set paiement_type_attente='0' where paiement_type_attente is null;
05/10/2025 19:34:47 Paramètres : 
05/10/2025 19:34:47 URI : /ajax/restore.php
05/10/2025 19:34:47 FILENAME : /ajax/restore.php
05/10/2025 19:34:47 TRACE ERREUR : 
#0 C:\Webosteo\htdocs\class\class_connexion.php(0): PDO->prepare('update consulta...')
#1 C:\Webosteo\htdocs\class\class_connexion.php(0): Connexion->executeTraite('update consulta...')
#2 C:\Webosteo\htdocs\class\class_connexion.php(0): Connexion->executeSQLFile('/database/datab...', true)
#3 C:\Webosteo\htdocs\class\class_connexion.php(0): Connexion->verifStructureTables()
#4 C:\Webosteo\htdocs\ajax\restore.php(0): Connexion->restoreFile('C:/Webosteo/htd...')
#5 C:\Webosteo\htdocs\ajax\restore.php(2): sg_load('D5D1A63A6B6692D...')
#6 {main}
05/10/2025 19:34:47 ------ FIN ------

05/10/2025 19:34:47 ------ DEBUT ------
05/10/2025 19:34:47 SQLSTATE[HY000]: General error: 1 no such column: paiement_type_gratuit
05/10/2025 19:34:47 Erreur sur la requête : update consultation set paiement_type_gratuit='0' where paiement_type_gratuit is null;
05/10/2025 19:34:47 Paramètres : 
05/10/2025 19:34:47 URI : /ajax/restore.php
05/10/2025 19:34:47 FILENAME : /ajax/restore.php
05/10/2025 19:34:47 TRACE ERREUR : 
#0 C:\Webosteo\htdocs\class\class_connexion.php(0): PDO->prepare('update consulta...')
#1 C:\Webosteo\htdocs\class\class_connexion.php(0): Connexion->executeTraite('update consulta...')
#2 C:\Webosteo\htdocs\class\class_connexion.php(0): Connexion->executeSQLFile('/database/datab...', true)
#3 C:\Webosteo\htdocs\class\class_connexion.php(0): Connexion->verifStructureTables()
#4 C:\Webosteo\htdocs\ajax\restore.php(0): Connexion->restoreFile('C:/Webosteo/htd...')
#5 C:\Webosteo\htdocs\ajax\restore.php(2): sg_load('D5D1A63A6B6692D...')
#6 {main}
05/10/2025 19:34:47 ------ FIN ------

05/10/2025 19:34:47 ------ DEBUT ------
05/10/2025 19:34:47 SQLSTATE[HY000]: General error: 1 table config has 3 columns but 2 values were supplied
05/10/2025 19:34:47 Erreur sur la requête : INSERT INTO config VALUES("objet_lettre_relance_1","Recommandation séances de kiné");
05/10/2025 19:34:47 Paramètres : 
05/10/2025 19:34:47 URI : /ajax/restore.php
05/10/2025 19:34:47 FILENAME : /ajax/restore.php
05/10/2025 19:34:47 TRACE ERREUR : 
#0 C:\Webosteo\htdocs\class\class_connexion.php(0): PDO->prepare('INSERT INTO con...')
#1 C:\Webosteo\htdocs\class\class_connexion.php(0): Connexion->executeTraite('INSERT INTO con...')
#2 C:\Webosteo\htdocs\class\class_connexion.php(0): Connexion->executeSQLFile('/database/datab...', true)
#3 C:\Webosteo\htdocs\class\class_connexion.php(0): Connexion->verifStructureTables()
#4 C:\Webosteo\htdocs\ajax\restore.php(0): Connexion->restoreFile('C:/Webosteo/htd...')
#5 C:\Webosteo\htdocs\ajax\restore.php(2): sg_load('D5D1A63A6B6692D...')
#6 {main}
05/10/2025 19:34:47 ------ FIN ------

05/10/2025 19:37:22 ------ DEBUT ------
05/10/2025 19:37:22 SQLSTATE[HY000]: General error: 1 no such column: user
05/10/2025 19:37:22 Erreur sur la requête : delete from notification_histo where notification='migration_mcl_offre_202509' and user='Nolwenn'
05/10/2025 19:37:22 Paramètres : 
05/10/2025 19:37:22 URI : /ajax/notification.php
05/10/2025 19:37:22 FILENAME : /ajax/notification.php
05/10/2025 19:37:22 TRACE ERREUR : 
#0 C:\Webosteo\htdocs\class\class_connexion.php(0): PDO->prepare('delete from not...')
#1 C:\Webosteo\htdocs\class\class_notification.php(0): Connexion->executeTraite('delete from not...')
#2 C:\Webosteo\htdocs\class\class_notification.php(0): Notification->read('Nolwenn')
#3 C:\Webosteo\htdocs\ajax\notification.php(0): Collection_Notification->readAll('Nolwenn')
#4 C:\Webosteo\htdocs\ajax\notification.php(2): sg_load('D5D1A63A6B6692D...')
#5 {main}
05/10/2025 19:37:22 ------ FIN ------

05/10/2025 19:37:22 ------ DEBUT ------
05/10/2025 19:37:22 SQLSTATE[HY000]: General error: 1 no such column: user
05/10/2025 19:37:22 Erreur sur la requête : delete from notification_histo where notification='concours_mcl_202509' and user='Nolwenn'
05/10/2025 19:37:22 Paramètres : 
05/10/2025 19:37:22 URI : /ajax/notification.php
05/10/2025 19:37:22 FILENAME : /ajax/notification.php
05/10/2025 19:37:22 TRACE ERREUR : 
#0 C:\Webosteo\htdocs\class\class_connexion.php(0): PDO->prepare('delete from not...')
#1 C:\Webosteo\htdocs\class\class_notification.php(0): Connexion->executeTraite('delete from not...')
#2 C:\Webosteo\htdocs\class\class_notification.php(0): Notification->read('Nolwenn')
#3 C:\Webosteo\htdocs\ajax\notification.php(0): Collection_Notification->readAll('Nolwenn')
#4 C:\Webosteo\htdocs\ajax\notification.php(2): sg_load('D5D1A63A6B6692D...')
#5 {main}
05/10/2025 19:37:22 ------ FIN ------

05/10/2025 19:37:22 ------ DEBUT ------
05/10/2025 19:37:22 SQLSTATE[HY000]: General error: 1 no such column: user
05/10/2025 19:37:22 Erreur sur la requête : delete from notification_histo where notification='presentation_paiement_ligne' and user='Nolwenn'
05/10/2025 19:37:22 Paramètres : 
05/10/2025 19:37:22 URI : /ajax/notification.php
05/10/2025 19:37:22 FILENAME : /ajax/notification.php
05/10/2025 19:37:22 TRACE ERREUR : 
#0 C:\Webosteo\htdocs\class\class_connexion.php(0): PDO->prepare('delete from not...')
#1 C:\Webosteo\htdocs\class\class_notification.php(0): Connexion->executeTraite('delete from not...')
#2 C:\Webosteo\htdocs\class\class_notification.php(0): Notification->read('Nolwenn')
#3 C:\Webosteo\htdocs\ajax\notification.php(0): Collection_Notification->readAll('Nolwenn')
#4 C:\Webosteo\htdocs\ajax\notification.php(2): sg_load('D5D1A63A6B6692D...')
#5 {main}
05/10/2025 19:37:22 ------ FIN ------

05/10/2025 19:37:22 ------ DEBUT ------
05/10/2025 19:37:22 SQLSTATE[HY000]: General error: 1 no such column: user
05/10/2025 19:37:22 Erreur sur la requête : delete from notification_histo where notification='bascule_webosteo_4mois' and user='Nolwenn'
05/10/2025 19:37:22 Paramètres : 
05/10/2025 19:37:22 URI : /ajax/notification.php
05/10/2025 19:37:22 FILENAME : /ajax/notification.php
05/10/2025 19:37:22 TRACE ERREUR : 
#0 C:\Webosteo\htdocs\class\class_connexion.php(0): PDO->prepare('delete from not...')
#1 C:\Webosteo\htdocs\class\class_notification.php(0): Connexion->executeTraite('delete from not...')
#2 C:\Webosteo\htdocs\class\class_notification.php(0): Notification->read('Nolwenn')
#3 C:\Webosteo\htdocs\ajax\notification.php(0): Collection_Notification->readAll('Nolwenn')
#4 C:\Webosteo\htdocs\ajax\notification.php(2): sg_load('D5D1A63A6B6692D...')
#5 {main}
05/10/2025 19:37:22 ------ FIN ------

05/10/2025 19:37:22 ------ DEBUT ------
05/10/2025 19:37:22 SQLSTATE[HY000]: General error: 1 no such column: user
05/10/2025 19:37:22 Erreur sur la requête : delete from notification_histo where notification='hellocse_soldes2025' and user='Nolwenn'
05/10/2025 19:37:22 Paramètres : 
05/10/2025 19:37:22 URI : /ajax/notification.php
05/10/2025 19:37:22 FILENAME : /ajax/notification.php
05/10/2025 19:37:22 TRACE ERREUR : 
#0 C:\Webosteo\htdocs\class\class_connexion.php(0): PDO->prepare('delete from not...')
#1 C:\Webosteo\htdocs\class\class_notification.php(0): Connexion->executeTraite('delete from not...')
#2 C:\Webosteo\htdocs\class\class_notification.php(0): Notification->read('Nolwenn')
#3 C:\Webosteo\htdocs\ajax\notification.php(0): Collection_Notification->readAll('Nolwenn')
#4 C:\Webosteo\htdocs\ajax\notification.php(2): sg_load('D5D1A63A6B6692D...')
#5 {main}
05/10/2025 19:37:22 ------ FIN ------

05/10/2025 19:37:22 ------ DEBUT ------
05/10/2025 19:37:22 SQLSTATE[HY000]: General error: 1 no such column: user
05/10/2025 19:37:22 Erreur sur la requête : delete from notification_histo where notification='67e1a79d76668' and user='Nolwenn'
05/10/2025 19:37:22 Paramètres : 
05/10/2025 19:37:22 URI : /ajax/notification.php
05/10/2025 19:37:22 FILENAME : /ajax/notification.php
05/10/2025 19:37:22 TRACE ERREUR : 
#0 C:\Webosteo\htdocs\class\class_connexion.php(0): PDO->prepare('delete from not...')
#1 C:\Webosteo\htdocs\class\class_notification.php(0): Connexion->executeTraite('delete from not...')
#2 C:\Webosteo\htdocs\class\class_notification.php(0): Notification->read('Nolwenn')
#3 C:\Webosteo\htdocs\ajax\notification.php(0): Collection_Notification->readAll('Nolwenn')
#4 C:\Webosteo\htdocs\ajax\notification.php(2): sg_load('D5D1A63A6B6692D...')
#5 {main}
05/10/2025 19:37:22 ------ FIN ------

05/10/2025 19:37:22 ------ DEBUT ------
05/10/2025 19:37:22 SQLSTATE[HY000]: General error: 1 no such column: user
05/10/2025 19:37:22 Erreur sur la requête : delete from notification_histo where notification='webosteo_maj_37' and user='Nolwenn'
05/10/2025 19:37:22 Paramètres : 
05/10/2025 19:37:22 URI : /ajax/notification.php
05/10/2025 19:37:22 FILENAME : /ajax/notification.php
05/10/2025 19:37:22 TRACE ERREUR : 
#0 C:\Webosteo\htdocs\class\class_connexion.php(0): PDO->prepare('delete from not...')
#1 C:\Webosteo\htdocs\class\class_notification.php(0): Connexion->executeTraite('delete from not...')
#2 C:\Webosteo\htdocs\class\class_notification.php(0): Notification->read('Nolwenn')
#3 C:\Webosteo\htdocs\ajax\notification.php(0): Collection_Notification->readAll('Nolwenn')
#4 C:\Webosteo\htdocs\ajax\notification.php(2): sg_load('D5D1A63A6B6692D...')
#5 {main}
05/10/2025 19:37:22 ------ FIN ------

05/10/2025 19:37:22 ------ DEBUT ------
05/10/2025 19:37:22 SQLSTATE[HY000]: General error: 1 no such column: user
05/10/2025 19:37:22 Erreur sur la requête : delete from notification_histo where notification='webosteo_webinaire_medsmart2' and user='Nolwenn'
05/10/2025 19:37:22 Paramètres : 
05/10/2025 19:37:22 URI : /ajax/notification.php
05/10/2025 19:37:22 FILENAME : /ajax/notification.php
05/10/2025 19:37:22 TRACE ERREUR : 
#0 C:\Webosteo\htdocs\class\class_connexion.php(0): PDO->prepare('delete from not...')
#1 C:\Webosteo\htdocs\class\class_notification.php(0): Connexion->executeTraite('delete from not...')
#2 C:\Webosteo\htdocs\class\class_notification.php(0): Notification->read('Nolwenn')
#3 C:\Webosteo\htdocs\ajax\notification.php(0): Collection_Notification->readAll('Nolwenn')
#4 C:\Webosteo\htdocs\ajax\notification.php(2): sg_load('D5D1A63A6B6692D...')
#5 {main}
05/10/2025 19:37:22 ------ FIN ------

05/10/2025 19:37:22 ------ DEBUT ------
05/10/2025 19:37:22 SQLSTATE[HY000]: General error: 1 no such column: user
05/10/2025 19:37:22 Erreur sur la requête : delete from notification_histo where notification='webosteo_webinaire_medsmart1' and user='Nolwenn'
05/10/2025 19:37:22 Paramètres : 
05/10/2025 19:37:22 URI : /ajax/notification.php
05/10/2025 19:37:22 FILENAME : /ajax/notification.php
05/10/2025 19:37:22 TRACE ERREUR : 
#0 C:\Webosteo\htdocs\class\class_connexion.php(0): PDO->prepare('delete from not...')
#1 C:\Webosteo\htdocs\class\class_notification.php(0): Connexion->executeTraite('delete from not...')
#2 C:\Webosteo\htdocs\class\class_notification.php(0): Notification->read('Nolwenn')
#3 C:\Webosteo\htdocs\ajax\notification.php(0): Collection_Notification->readAll('Nolwenn')
#4 C:\Webosteo\htdocs\ajax\notification.php(2): sg_load('D5D1A63A6B6692D...')
#5 {main}
05/10/2025 19:37:22 ------ FIN ------

05/10/2025 19:37:22 ------ DEBUT ------
05/10/2025 19:37:22 SQLSTATE[HY000]: General error: 1 no such column: user
05/10/2025 19:37:22 Erreur sur la requête : delete from notification_histo where notification='simplebo_coatching_2023' and user='Nolwenn'
05/10/2025 19:37:22 Paramètres : 
05/10/2025 19:37:22 URI : /ajax/notification.php
05/10/2025 19:37:22 FILENAME : /ajax/notification.php
05/10/2025 19:37:22 TRACE ERREUR : 
#0 C:\Webosteo\htdocs\class\class_connexion.php(0): PDO->prepare('delete from not...')
#1 C:\Webosteo\htdocs\class\class_notification.php(0): Connexion->executeTraite('delete from not...')
#2 C:\Webosteo\htdocs\class\class_notification.php(0): Notification->read('Nolwenn')
#3 C:\Webosteo\htdocs\ajax\notification.php(0): Collection_Notification->readAll('Nolwenn')
#4 C:\Webosteo\htdocs\ajax\notification.php(2): sg_load('D5D1A63A6B6692D...')
#5 {main}
05/10/2025 19:37:22 ------ FIN ------

05/10/2025 19:37:22 ------ DEBUT ------
05/10/2025 19:37:22 SQLSTATE[HY000]: General error: 1 no such column: user
05/10/2025 19:37:22 Erreur sur la requête : delete from notification_histo where notification='jeu_concours_mcl_2023' and user='Nolwenn'
05/10/2025 19:37:22 Paramètres : 
05/10/2025 19:37:22 URI : /ajax/notification.php
05/10/2025 19:37:22 FILENAME : /ajax/notification.php
05/10/2025 19:37:22 TRACE ERREUR : 
#0 C:\Webosteo\htdocs\class\class_connexion.php(0): PDO->prepare('delete from not...')
#1 C:\Webosteo\htdocs\class\class_notification.php(0): Connexion->executeTraite('delete from not...')
#2 C:\Webosteo\htdocs\class\class_notification.php(0): Notification->read('Nolwenn')
#3 C:\Webosteo\htdocs\ajax\notification.php(0): Collection_Notification->readAll('Nolwenn')
#4 C:\Webosteo\htdocs\ajax\notification.php(2): sg_load('D5D1A63A6B6692D...')
#5 {main}
05/10/2025 19:37:22 ------ FIN ------

05/10/2025 19:37:22 ------ DEBUT ------
05/10/2025 19:37:22 SQLSTATE[HY000]: General error: 1 no such column: user
05/10/2025 19:37:22 Erreur sur la requête : delete from notification_histo where notification='20210311' and user='Nolwenn'
05/10/2025 19:37:22 Paramètres : 
05/10/2025 19:37:22 URI : /ajax/notification.php
05/10/2025 19:37:22 FILENAME : /ajax/notification.php
05/10/2025 19:37:22 TRACE ERREUR : 
#0 C:\Webosteo\htdocs\class\class_connexion.php(0): PDO->prepare('delete from not...')
#1 C:\Webosteo\htdocs\class\class_notification.php(0): Connexion->executeTraite('delete from not...')
#2 C:\Webosteo\htdocs\class\class_notification.php(0): Notification->read('Nolwenn')
#3 C:\Webosteo\htdocs\ajax\notification.php(0): Collection_Notification->readAll('Nolwenn')
#4 C:\Webosteo\htdocs\ajax\notification.php(2): sg_load('D5D1A63A6B6692D...')
#5 {main}
05/10/2025 19:37:22 ------ FIN ------

05/10/2025 19:37:22 ------ DEBUT ------
05/10/2025 19:37:22 SQLSTATE[HY000]: General error: 1 no such column: user
05/10/2025 19:37:22 Erreur sur la requête : delete from notification_histo where notification='20210121' and user='Nolwenn'
05/10/2025 19:37:22 Paramètres : 
05/10/2025 19:37:22 URI : /ajax/notification.php
05/10/2025 19:37:22 FILENAME : /ajax/notification.php
05/10/2025 19:37:22 TRACE ERREUR : 
#0 C:\Webosteo\htdocs\class\class_connexion.php(0): PDO->prepare('delete from not...')
#1 C:\Webosteo\htdocs\class\class_notification.php(0): Connexion->executeTraite('delete from not...')
#2 C:\Webosteo\htdocs\class\class_notification.php(0): Notification->read('Nolwenn')
#3 C:\Webosteo\htdocs\ajax\notification.php(0): Collection_Notification->readAll('Nolwenn')
#4 C:\Webosteo\htdocs\ajax\notification.php(2): sg_load('D5D1A63A6B6692D...')
#5 {main}
05/10/2025 19:37:22 ------ FIN ------

05/10/2025 19:37:22 ------ DEBUT ------
05/10/2025 19:37:22 SQLSTATE[HY000]: General error: 1 no such column: user
05/10/2025 19:37:22 Erreur sur la requête : delete from notification_histo where notification='20210105' and user='Nolwenn'
05/10/2025 19:37:22 Paramètres : 
05/10/2025 19:37:22 URI : /ajax/notification.php
05/10/2025 19:37:22 FILENAME : /ajax/notification.php
05/10/2025 19:37:22 TRACE ERREUR : 
#0 C:\Webosteo\htdocs\class\class_connexion.php(0): PDO->prepare('delete from not...')
#1 C:\Webosteo\htdocs\class\class_notification.php(0): Connexion->executeTraite('delete from not...')
#2 C:\Webosteo\htdocs\class\class_notification.php(0): Notification->read('Nolwenn')
#3 C:\Webosteo\htdocs\ajax\notification.php(0): Collection_Notification->readAll('Nolwenn')
#4 C:\Webosteo\htdocs\ajax\notification.php(2): sg_load('D5D1A63A6B6692D...')
#5 {main}
05/10/2025 19:37:22 ------ FIN ------

05/10/2025 19:37:22 ------ DEBUT ------
05/10/2025 19:37:22 SQLSTATE[HY000]: General error: 1 no such column: user
05/10/2025 19:37:22 Erreur sur la requête : delete from notification_histo where notification='20200413' and user='Nolwenn'
05/10/2025 19:37:22 Paramètres : 
05/10/2025 19:37:22 URI : /ajax/notification.php
05/10/2025 19:37:22 FILENAME : /ajax/notification.php
05/10/2025 19:37:22 TRACE ERREUR : 
#0 C:\Webosteo\htdocs\class\class_connexion.php(0): PDO->prepare('delete from not...')
#1 C:\Webosteo\htdocs\class\class_notification.php(0): Connexion->executeTraite('delete from not...')
#2 C:\Webosteo\htdocs\class\class_notification.php(0): Notification->read('Nolwenn')
#3 C:\Webosteo\htdocs\ajax\notification.php(0): Collection_Notification->readAll('Nolwenn')
#4 C:\Webosteo\htdocs\ajax\notification.php(2): sg_load('D5D1A63A6B6692D...')
#5 {main}
05/10/2025 19:37:22 ------ FIN ------

05/10/2025 19:37:22 ------ DEBUT ------
05/10/2025 19:37:22 SQLSTATE[HY000]: General error: 1 no such column: user
05/10/2025 19:37:22 Erreur sur la requête : delete from notification_histo where notification='20191126' and user='Nolwenn'
05/10/2025 19:37:22 Paramètres : 
05/10/2025 19:37:22 URI : /ajax/notification.php
05/10/2025 19:37:22 FILENAME : /ajax/notification.php
05/10/2025 19:37:22 TRACE ERREUR : 
#0 C:\Webosteo\htdocs\class\class_connexion.php(0): PDO->prepare('delete from not...')
#1 C:\Webosteo\htdocs\class\class_notification.php(0): Connexion->executeTraite('delete from not...')
#2 C:\Webosteo\htdocs\class\class_notification.php(0): Notification->read('Nolwenn')
#3 C:\Webosteo\htdocs\ajax\notification.php(0): Collection_Notification->readAll('Nolwenn')
#4 C:\Webosteo\htdocs\ajax\notification.php(2): sg_load('D5D1A63A6B6692D...')
#5 {main}
05/10/2025 19:37:22 ------ FIN ------

05/10/2025 19:37:22 ------ DEBUT ------
05/10/2025 19:37:22 SQLSTATE[HY000]: General error: 1 no such column: user
05/10/2025 19:37:22 Erreur sur la requête : delete from notification_histo where notification='5d2db2ad799a5' and user='Nolwenn'
05/10/2025 19:37:22 Paramètres : 
05/10/2025 19:37:22 URI : /ajax/notification.php
05/10/2025 19:37:22 FILENAME : /ajax/notification.php
05/10/2025 19:37:22 TRACE ERREUR : 
#0 C:\Webosteo\htdocs\class\class_connexion.php(0): PDO->prepare('delete from not...')
#1 C:\Webosteo\htdocs\class\class_notification.php(0): Connexion->executeTraite('delete from not...')
#2 C:\Webosteo\htdocs\class\class_notification.php(0): Notification->read('Nolwenn')
#3 C:\Webosteo\htdocs\ajax\notification.php(0): Collection_Notification->readAll('Nolwenn')
#4 C:\Webosteo\htdocs\ajax\notification.php(2): sg_load('D5D1A63A6B6692D...')
#5 {main}
05/10/2025 19:37:22 ------ FIN ------

05/10/2025 19:37:22 ------ DEBUT ------
05/10/2025 19:37:22 SQLSTATE[HY000]: General error: 1 no such column: user
05/10/2025 19:37:22 Erreur sur la requête : delete from notification_histo where notification='5d2db2aa0f9d6' and user='Nolwenn'
05/10/2025 19:37:22 Paramètres : 
05/10/2025 19:37:22 URI : /ajax/notification.php
05/10/2025 19:37:22 FILENAME : /ajax/notification.php
05/10/2025 19:37:22 TRACE ERREUR : 
#0 C:\Webosteo\htdocs\class\class_connexion.php(0): PDO->prepare('delete from not...')
#1 C:\Webosteo\htdocs\class\class_notification.php(0): Connexion->executeTraite('delete from not...')
#2 C:\Webosteo\htdocs\class\class_notification.php(0): Notification->read('Nolwenn')
#3 C:\Webosteo\htdocs\ajax\notification.php(0): Collection_Notification->readAll('Nolwenn')
#4 C:\Webosteo\htdocs\ajax\notification.php(2): sg_load('D5D1A63A6B6692D...')
#5 {main}
05/10/2025 19:37:22 ------ FIN ------

05/10/2025 19:37:22 ------ DEBUT ------
05/10/2025 19:37:22 SQLSTATE[HY000]: General error: 1 no such column: user
05/10/2025 19:37:22 Erreur sur la requête : delete from notification_histo where notification='20190716' and user='Nolwenn'
05/10/2025 19:37:22 Paramètres : 
05/10/2025 19:37:22 URI : /ajax/notification.php
05/10/2025 19:37:22 FILENAME : /ajax/notification.php
05/10/2025 19:37:22 TRACE ERREUR : 
#0 C:\Webosteo\htdocs\class\class_connexion.php(0): PDO->prepare('delete from not...')
#1 C:\Webosteo\htdocs\class\class_notification.php(0): Connexion->executeTraite('delete from not...')
#2 C:\Webosteo\htdocs\class\class_notification.php(0): Notification->read('Nolwenn')
#3 C:\Webosteo\htdocs\ajax\notification.php(0): Collection_Notification->readAll('Nolwenn')
#4 C:\Webosteo\htdocs\ajax\notification.php(2): sg_load('D5D1A63A6B6692D...')
#5 {main}
05/10/2025 19:37:22 ------ FIN ------

05/10/2025 19:37:22 ------ DEBUT ------
05/10/2025 19:37:22 SQLSTATE[HY000]: General error: 1 no such column: user
05/10/2025 19:37:22 Erreur sur la requête : delete from notification_histo where notification='20190218' and user='Nolwenn'
05/10/2025 19:37:22 Paramètres : 
05/10/2025 19:37:22 URI : /ajax/notification.php
05/10/2025 19:37:22 FILENAME : /ajax/notification.php
05/10/2025 19:37:22 TRACE ERREUR : 
#0 C:\Webosteo\htdocs\class\class_connexion.php(0): PDO->prepare('delete from not...')
#1 C:\Webosteo\htdocs\class\class_notification.php(0): Connexion->executeTraite('delete from not...')
#2 C:\Webosteo\htdocs\class\class_notification.php(0): Notification->read('Nolwenn')
#3 C:\Webosteo\htdocs\ajax\notification.php(0): Collection_Notification->readAll('Nolwenn')
#4 C:\Webosteo\htdocs\ajax\notification.php(2): sg_load('D5D1A63A6B6692D...')
#5 {main}
05/10/2025 19:37:22 ------ FIN ------

05/10/2025 19:37:22 ------ DEBUT ------
05/10/2025 19:37:22 SQLSTATE[HY000]: General error: 1 no such column: user
05/10/2025 19:37:22 Erreur sur la requête : delete from notification_histo where notification='20181024' and user='Nolwenn'
05/10/2025 19:37:22 Paramètres : 
05/10/2025 19:37:22 URI : /ajax/notification.php
05/10/2025 19:37:22 FILENAME : /ajax/notification.php
05/10/2025 19:37:22 TRACE ERREUR : 
#0 C:\Webosteo\htdocs\class\class_connexion.php(0): PDO->prepare('delete from not...')
#1 C:\Webosteo\htdocs\class\class_notification.php(0): Connexion->executeTraite('delete from not...')
#2 C:\Webosteo\htdocs\class\class_notification.php(0): Notification->read('Nolwenn')
#3 C:\Webosteo\htdocs\ajax\notification.php(0): Collection_Notification->readAll('Nolwenn')
#4 C:\Webosteo\htdocs\ajax\notification.php(2): sg_load('D5D1A63A6B6692D...')
#5 {main}
05/10/2025 19:37:22 ------ FIN ------

05/10/2025 19:37:22 ------ DEBUT ------
05/10/2025 19:37:22 SQLSTATE[HY000]: General error: 1 no such column: user
05/10/2025 19:37:22 Erreur sur la requête : delete from notification_histo where notification='20180704' and user='Nolwenn'
05/10/2025 19:37:22 Paramètres : 
05/10/2025 19:37:22 URI : /ajax/notification.php
05/10/2025 19:37:22 FILENAME : /ajax/notification.php
05/10/2025 19:37:22 TRACE ERREUR : 
#0 C:\Webosteo\htdocs\class\class_connexion.php(0): PDO->prepare('delete from not...')
#1 C:\Webosteo\htdocs\class\class_notification.php(0): Connexion->executeTraite('delete from not...')
#2 C:\Webosteo\htdocs\class\class_notification.php(0): Notification->read('Nolwenn')
#3 C:\Webosteo\htdocs\ajax\notification.php(0): Collection_Notification->readAll('Nolwenn')
#4 C:\Webosteo\htdocs\ajax\notification.php(2): sg_load('D5D1A63A6B6692D...')
#5 {main}
05/10/2025 19:37:22 ------ FIN ------

05/10/2025 19:37:22 ------ DEBUT ------
05/10/2025 19:37:22 SQLSTATE[HY000]: General error: 1 no such column: user
05/10/2025 19:37:22 Erreur sur la requête : delete from notification_histo where notification='20180419' and user='Nolwenn'
05/10/2025 19:37:22 Paramètres : 
05/10/2025 19:37:22 URI : /ajax/notification.php
05/10/2025 19:37:22 FILENAME : /ajax/notification.php
05/10/2025 19:37:22 TRACE ERREUR : 
#0 C:\Webosteo\htdocs\class\class_connexion.php(0): PDO->prepare('delete from not...')
#1 C:\Webosteo\htdocs\class\class_notification.php(0): Connexion->executeTraite('delete from not...')
#2 C:\Webosteo\htdocs\class\class_notification.php(0): Notification->read('Nolwenn')
#3 C:\Webosteo\htdocs\ajax\notification.php(0): Collection_Notification->readAll('Nolwenn')
#4 C:\Webosteo\htdocs\ajax\notification.php(2): sg_load('D5D1A63A6B6692D...')
#5 {main}
05/10/2025 19:37:22 ------ FIN ------

05/10/2025 19:37:22 ------ DEBUT ------
05/10/2025 19:37:22 SQLSTATE[HY000]: General error: 1 no such column: user
05/10/2025 19:37:22 Erreur sur la requête : delete from notification_histo where notification='20171016' and user='Nolwenn'
05/10/2025 19:37:22 Paramètres : 
05/10/2025 19:37:22 URI : /ajax/notification.php
05/10/2025 19:37:22 FILENAME : /ajax/notification.php
05/10/2025 19:37:22 TRACE ERREUR : 
#0 C:\Webosteo\htdocs\class\class_connexion.php(0): PDO->prepare('delete from not...')
#1 C:\Webosteo\htdocs\class\class_notification.php(0): Connexion->executeTraite('delete from not...')
#2 C:\Webosteo\htdocs\class\class_notification.php(0): Notification->read('Nolwenn')
#3 C:\Webosteo\htdocs\ajax\notification.php(0): Collection_Notification->readAll('Nolwenn')
#4 C:\Webosteo\htdocs\ajax\notification.php(2): sg_load('D5D1A63A6B6692D...')
#5 {main}
05/10/2025 19:37:22 ------ FIN ------

05/10/2025 19:37:22 ------ DEBUT ------
05/10/2025 19:37:22 SQLSTATE[HY000]: General error: 1 no such column: user
05/10/2025 19:37:22 Erreur sur la requête : delete from notification_histo where notification='20170825' and user='Nolwenn'
05/10/2025 19:37:22 Paramètres : 
05/10/2025 19:37:22 URI : /ajax/notification.php
05/10/2025 19:37:22 FILENAME : /ajax/notification.php
05/10/2025 19:37:22 TRACE ERREUR : 
#0 C:\Webosteo\htdocs\class\class_connexion.php(0): PDO->prepare('delete from not...')
#1 C:\Webosteo\htdocs\class\class_notification.php(0): Connexion->executeTraite('delete from not...')
#2 C:\Webosteo\htdocs\class\class_notification.php(0): Notification->read('Nolwenn')
#3 C:\Webosteo\htdocs\ajax\notification.php(0): Collection_Notification->readAll('Nolwenn')
#4 C:\Webosteo\htdocs\ajax\notification.php(2): sg_load('D5D1A63A6B6692D...')
#5 {main}
05/10/2025 19:37:22 ------ FIN ------

05/10/2025 19:37:22 ------ DEBUT ------
05/10/2025 19:37:22 SQLSTATE[HY000]: General error: 1 no such column: user
05/10/2025 19:37:22 Erreur sur la requête : delete from notification_histo where notification='201705301' and user='Nolwenn'
05/10/2025 19:37:22 Paramètres : 
05/10/2025 19:37:22 URI : /ajax/notification.php
05/10/2025 19:37:22 FILENAME : /ajax/notification.php
05/10/2025 19:37:22 TRACE ERREUR : 
#0 C:\Webosteo\htdocs\class\class_connexion.php(0): PDO->prepare('delete from not...')
#1 C:\Webosteo\htdocs\class\class_notification.php(0): Connexion->executeTraite('delete from not...')
#2 C:\Webosteo\htdocs\class\class_notification.php(0): Notification->read('Nolwenn')
#3 C:\Webosteo\htdocs\ajax\notification.php(0): Collection_Notification->readAll('Nolwenn')
#4 C:\Webosteo\htdocs\ajax\notification.php(2): sg_load('D5D1A63A6B6692D...')
#5 {main}
05/10/2025 19:37:22 ------ FIN ------

05/10/2025 19:37:22 ------ DEBUT ------
05/10/2025 19:37:22 SQLSTATE[HY000]: General error: 1 no such column: user
05/10/2025 19:37:22 Erreur sur la requête : delete from notification_histo where notification='20170530' and user='Nolwenn'
05/10/2025 19:37:22 Paramètres : 
05/10/2025 19:37:22 URI : /ajax/notification.php
05/10/2025 19:37:22 FILENAME : /ajax/notification.php
05/10/2025 19:37:22 TRACE ERREUR : 
#0 C:\Webosteo\htdocs\class\class_connexion.php(0): PDO->prepare('delete from not...')
#1 C:\Webosteo\htdocs\class\class_notification.php(0): Connexion->executeTraite('delete from not...')
#2 C:\Webosteo\htdocs\class\class_notification.php(0): Notification->read('Nolwenn')
#3 C:\Webosteo\htdocs\ajax\notification.php(0): Collection_Notification->readAll('Nolwenn')
#4 C:\Webosteo\htdocs\ajax\notification.php(2): sg_load('D5D1A63A6B6692D...')
#5 {main}
05/10/2025 19:37:22 ------ FIN ------

05/10/2025 19:37:22 ------ DEBUT ------
05/10/2025 19:37:22 SQLSTATE[HY000]: General error: 1 no such column: user
05/10/2025 19:37:22 Erreur sur la requête : delete from notification_histo where notification='20161130' and user='Nolwenn'
05/10/2025 19:37:22 Paramètres : 
05/10/2025 19:37:22 URI : /ajax/notification.php
05/10/2025 19:37:22 FILENAME : /ajax/notification.php
05/10/2025 19:37:22 TRACE ERREUR : 
#0 C:\Webosteo\htdocs\class\class_connexion.php(0): PDO->prepare('delete from not...')
#1 C:\Webosteo\htdocs\class\class_notification.php(0): Connexion->executeTraite('delete from not...')
#2 C:\Webosteo\htdocs\class\class_notification.php(0): Notification->read('Nolwenn')
#3 C:\Webosteo\htdocs\ajax\notification.php(0): Collection_Notification->readAll('Nolwenn')
#4 C:\Webosteo\htdocs\ajax\notification.php(2): sg_load('D5D1A63A6B6692D...')
#5 {main}
05/10/2025 19:37:22 ------ FIN ------

05/10/2025 19:37:22 ------ DEBUT ------
05/10/2025 19:37:22 SQLSTATE[HY000]: General error: 1 no such column: user
05/10/2025 19:37:22 Erreur sur la requête : delete from notification_histo where notification='20160913' and user='Nolwenn'
05/10/2025 19:37:22 Paramètres : 
05/10/2025 19:37:22 URI : /ajax/notification.php
05/10/2025 19:37:22 FILENAME : /ajax/notification.php
05/10/2025 19:37:22 TRACE ERREUR : 
#0 C:\Webosteo\htdocs\class\class_connexion.php(0): PDO->prepare('delete from not...')
#1 C:\Webosteo\htdocs\class\class_notification.php(0): Connexion->executeTraite('delete from not...')
#2 C:\Webosteo\htdocs\class\class_notification.php(0): Notification->read('Nolwenn')
#3 C:\Webosteo\htdocs\ajax\notification.php(0): Collection_Notification->readAll('Nolwenn')
#4 C:\Webosteo\htdocs\ajax\notification.php(2): sg_load('D5D1A63A6B6692D...')
#5 {main}
05/10/2025 19:37:22 ------ FIN ------

05/10/2025 19:37:22 ------ DEBUT ------
05/10/2025 19:37:22 SQLSTATE[HY000]: General error: 1 no such column: user
05/10/2025 19:37:22 Erreur sur la requête : delete from notification_histo where notification='20160630' and user='Nolwenn'
05/10/2025 19:37:22 Paramètres : 
05/10/2025 19:37:22 URI : /ajax/notification.php
05/10/2025 19:37:22 FILENAME : /ajax/notification.php
05/10/2025 19:37:22 TRACE ERREUR : 
#0 C:\Webosteo\htdocs\class\class_connexion.php(0): PDO->prepare('delete from not...')
#1 C:\Webosteo\htdocs\class\class_notification.php(0): Connexion->executeTraite('delete from not...')
#2 C:\Webosteo\htdocs\class\class_notification.php(0): Notification->read('Nolwenn')
#3 C:\Webosteo\htdocs\ajax\notification.php(0): Collection_Notification->readAll('Nolwenn')
#4 C:\Webosteo\htdocs\ajax\notification.php(2): sg_load('D5D1A63A6B6692D...')
#5 {main}
05/10/2025 19:37:22 ------ FIN ------

05/10/2025 19:37:22 ------ DEBUT ------
05/10/2025 19:37:22 SQLSTATE[HY000]: General error: 1 no such column: user
05/10/2025 19:37:22 Erreur sur la requête : delete from notification_histo where notification='201606032' and user='Nolwenn'
05/10/2025 19:37:22 Paramètres : 
05/10/2025 19:37:22 URI : /ajax/notification.php
05/10/2025 19:37:22 FILENAME : /ajax/notification.php
05/10/2025 19:37:22 TRACE ERREUR : 
#0 C:\Webosteo\htdocs\class\class_connexion.php(0): PDO->prepare('delete from not...')
#1 C:\Webosteo\htdocs\class\class_notification.php(0): Connexion->executeTraite('delete from not...')
#2 C:\Webosteo\htdocs\class\class_notification.php(0): Notification->read('Nolwenn')
#3 C:\Webosteo\htdocs\ajax\notification.php(0): Collection_Notification->readAll('Nolwenn')
#4 C:\Webosteo\htdocs\ajax\notification.php(2): sg_load('D5D1A63A6B6692D...')
#5 {main}
05/10/2025 19:37:22 ------ FIN ------

05/10/2025 19:37:22 ------ DEBUT ------
05/10/2025 19:37:22 SQLSTATE[HY000]: General error: 1 no such column: user
05/10/2025 19:37:22 Erreur sur la requête : delete from notification_histo where notification='201606031' and user='Nolwenn'
05/10/2025 19:37:22 Paramètres : 
05/10/2025 19:37:22 URI : /ajax/notification.php
05/10/2025 19:37:22 FILENAME : /ajax/notification.php
05/10/2025 19:37:22 TRACE ERREUR : 
#0 C:\Webosteo\htdocs\class\class_connexion.php(0): PDO->prepare('delete from not...')
#1 C:\Webosteo\htdocs\class\class_notification.php(0): Connexion->executeTraite('delete from not...')
#2 C:\Webosteo\htdocs\class\class_notification.php(0): Notification->read('Nolwenn')
#3 C:\Webosteo\htdocs\ajax\notification.php(0): Collection_Notification->readAll('Nolwenn')
#4 C:\Webosteo\htdocs\ajax\notification.php(2): sg_load('D5D1A63A6B6692D...')
#5 {main}
05/10/2025 19:37:22 ------ FIN ------

05/10/2025 19:37:22 ------ DEBUT ------
05/10/2025 19:37:22 SQLSTATE[HY000]: General error: 1 no such column: user
05/10/2025 19:37:22 Erreur sur la requête : delete from notification_histo where notification='20160513' and user='Nolwenn'
05/10/2025 19:37:22 Paramètres : 
05/10/2025 19:37:22 URI : /ajax/notification.php
05/10/2025 19:37:22 FILENAME : /ajax/notification.php
05/10/2025 19:37:22 TRACE ERREUR : 
#0 C:\Webosteo\htdocs\class\class_connexion.php(0): PDO->prepare('delete from not...')
#1 C:\Webosteo\htdocs\class\class_notification.php(0): Connexion->executeTraite('delete from not...')
#2 C:\Webosteo\htdocs\class\class_notification.php(0): Notification->read('Nolwenn')
#3 C:\Webosteo\htdocs\ajax\notification.php(0): Collection_Notification->readAll('Nolwenn')
#4 C:\Webosteo\htdocs\ajax\notification.php(2): sg_load('D5D1A63A6B6692D...')
#5 {main}
05/10/2025 19:37:22 ------ FIN ------

05/10/2025 19:37:22 ------ DEBUT ------
05/10/2025 19:37:22 SQLSTATE[HY000]: General error: 1 no such column: user
05/10/2025 19:37:22 Erreur sur la requête : delete from notification_histo where notification='20160407' and user='Nolwenn'
05/10/2025 19:37:22 Paramètres : 
05/10/2025 19:37:22 URI : /ajax/notification.php
05/10/2025 19:37:22 FILENAME : /ajax/notification.php
05/10/2025 19:37:22 TRACE ERREUR : 
#0 C:\Webosteo\htdocs\class\class_connexion.php(0): PDO->prepare('delete from not...')
#1 C:\Webosteo\htdocs\class\class_notification.php(0): Connexion->executeTraite('delete from not...')
#2 C:\Webosteo\htdocs\class\class_notification.php(0): Notification->read('Nolwenn')
#3 C:\Webosteo\htdocs\ajax\notification.php(0): Collection_Notification->readAll('Nolwenn')
#4 C:\Webosteo\htdocs\ajax\notification.php(2): sg_load('D5D1A63A6B6692D...')
#5 {main}
05/10/2025 19:37:22 ------ FIN ------

05/10/2025 19:37:22 ------ DEBUT ------
05/10/2025 19:37:22 SQLSTATE[HY000]: General error: 1 no such column: user
05/10/2025 19:37:22 Erreur sur la requête : delete from notification_histo where notification='20160115' and user='Nolwenn'
05/10/2025 19:37:22 Paramètres : 
05/10/2025 19:37:22 URI : /ajax/notification.php
05/10/2025 19:37:22 FILENAME : /ajax/notification.php
05/10/2025 19:37:22 TRACE ERREUR : 
#0 C:\Webosteo\htdocs\class\class_connexion.php(0): PDO->prepare('delete from not...')
#1 C:\Webosteo\htdocs\class\class_notification.php(0): Connexion->executeTraite('delete from not...')
#2 C:\Webosteo\htdocs\class\class_notification.php(0): Notification->read('Nolwenn')
#3 C:\Webosteo\htdocs\ajax\notification.php(0): Collection_Notification->readAll('Nolwenn')
#4 C:\Webosteo\htdocs\ajax\notification.php(2): sg_load('D5D1A63A6B6692D...')
#5 {main}
05/10/2025 19:37:22 ------ FIN ------

05/10/2025 19:37:22 ------ DEBUT ------
05/10/2025 19:37:22 SQLSTATE[HY000]: General error: 1 no such column: user
05/10/2025 19:37:22 Erreur sur la requête : delete from notification_histo where notification='20160105' and user='Nolwenn'
05/10/2025 19:37:22 Paramètres : 
05/10/2025 19:37:22 URI : /ajax/notification.php
05/10/2025 19:37:22 FILENAME : /ajax/notification.php
05/10/2025 19:37:22 TRACE ERREUR : 
#0 C:\Webosteo\htdocs\class\class_connexion.php(0): PDO->prepare('delete from not...')
#1 C:\Webosteo\htdocs\class\class_notification.php(0): Connexion->executeTraite('delete from not...')
#2 C:\Webosteo\htdocs\class\class_notification.php(0): Notification->read('Nolwenn')
#3 C:\Webosteo\htdocs\ajax\notification.php(0): Collection_Notification->readAll('Nolwenn')
#4 C:\Webosteo\htdocs\ajax\notification.php(2): sg_load('D5D1A63A6B6692D...')
#5 {main}
05/10/2025 19:37:22 ------ FIN ------

05/10/2025 19:37:22 ------ DEBUT ------
05/10/2025 19:37:22 SQLSTATE[HY000]: General error: 1 no such column: user
05/10/2025 19:37:22 Erreur sur la requête : delete from notification_histo where notification='20151109' and user='Nolwenn'
05/10/2025 19:37:22 Paramètres : 
05/10/2025 19:37:22 URI : /ajax/notification.php
05/10/2025 19:37:22 FILENAME : /ajax/notification.php
05/10/2025 19:37:22 TRACE ERREUR : 
#0 C:\Webosteo\htdocs\class\class_connexion.php(0): PDO->prepare('delete from not...')
#1 C:\Webosteo\htdocs\class\class_notification.php(0): Connexion->executeTraite('delete from not...')
#2 C:\Webosteo\htdocs\class\class_notification.php(0): Notification->read('Nolwenn')
#3 C:\Webosteo\htdocs\ajax\notification.php(0): Collection_Notification->readAll('Nolwenn')
#4 C:\Webosteo\htdocs\ajax\notification.php(2): sg_load('D5D1A63A6B6692D...')
#5 {main}
05/10/2025 19:37:22 ------ FIN ------

05/10/2025 19:37:22 ------ DEBUT ------
05/10/2025 19:37:22 SQLSTATE[HY000]: General error: 1 no such column: user
05/10/2025 19:37:22 Erreur sur la requête : delete from notification_histo where notification='20151008' and user='Nolwenn'
05/10/2025 19:37:22 Paramètres : 
05/10/2025 19:37:22 URI : /ajax/notification.php
05/10/2025 19:37:22 FILENAME : /ajax/notification.php
05/10/2025 19:37:22 TRACE ERREUR : 
#0 C:\Webosteo\htdocs\class\class_connexion.php(0): PDO->prepare('delete from not...')
#1 C:\Webosteo\htdocs\class\class_notification.php(0): Connexion->executeTraite('delete from not...')
#2 C:\Webosteo\htdocs\class\class_notification.php(0): Notification->read('Nolwenn')
#3 C:\Webosteo\htdocs\ajax\notification.php(0): Collection_Notification->readAll('Nolwenn')
#4 C:\Webosteo\htdocs\ajax\notification.php(2): sg_load('D5D1A63A6B6692D...')
#5 {main}
05/10/2025 19:37:22 ------ FIN ------

05/10/2025 19:37:22 ------ DEBUT ------
05/10/2025 19:37:22 SQLSTATE[HY000]: General error: 1 no such column: user
05/10/2025 19:37:22 Erreur sur la requête : delete from notification_histo where notification='20151007' and user='Nolwenn'
05/10/2025 19:37:22 Paramètres : 
05/10/2025 19:37:22 URI : /ajax/notification.php
05/10/2025 19:37:22 FILENAME : /ajax/notification.php
05/10/2025 19:37:22 TRACE ERREUR : 
#0 C:\Webosteo\htdocs\class\class_connexion.php(0): PDO->prepare('delete from not...')
#1 C:\Webosteo\htdocs\class\class_notification.php(0): Connexion->executeTraite('delete from not...')
#2 C:\Webosteo\htdocs\class\class_notification.php(0): Notification->read('Nolwenn')
#3 C:\Webosteo\htdocs\ajax\notification.php(0): Collection_Notification->readAll('Nolwenn')
#4 C:\Webosteo\htdocs\ajax\notification.php(2): sg_load('D5D1A63A6B6692D...')
#5 {main}
05/10/2025 19:37:22 ------ FIN ------

05/10/2025 19:37:22 ------ DEBUT ------
05/10/2025 19:37:22 SQLSTATE[HY000]: General error: 1 no such column: user
05/10/2025 19:37:22 Erreur sur la requête : delete from notification_histo where notification='201509161' and user='Nolwenn'
05/10/2025 19:37:22 Paramètres : 
05/10/2025 19:37:22 URI : /ajax/notification.php
05/10/2025 19:37:22 FILENAME : /ajax/notification.php
05/10/2025 19:37:22 TRACE ERREUR : 
#0 C:\Webosteo\htdocs\class\class_connexion.php(0): PDO->prepare('delete from not...')
#1 C:\Webosteo\htdocs\class\class_notification.php(0): Connexion->executeTraite('delete from not...')
#2 C:\Webosteo\htdocs\class\class_notification.php(0): Notification->read('Nolwenn')
#3 C:\Webosteo\htdocs\ajax\notification.php(0): Collection_Notification->readAll('Nolwenn')
#4 C:\Webosteo\htdocs\ajax\notification.php(2): sg_load('D5D1A63A6B6692D...')
#5 {main}
05/10/2025 19:37:22 ------ FIN ------

05/10/2025 19:37:22 ------ DEBUT ------
05/10/2025 19:37:22 SQLSTATE[HY000]: General error: 1 no such column: user
05/10/2025 19:37:22 Erreur sur la requête : delete from notification_histo where notification='7' and user='Nolwenn'
05/10/2025 19:37:22 Paramètres : 
05/10/2025 19:37:22 URI : /ajax/notification.php
05/10/2025 19:37:22 FILENAME : /ajax/notification.php
05/10/2025 19:37:22 TRACE ERREUR : 
#0 C:\Webosteo\htdocs\class\class_connexion.php(0): PDO->prepare('delete from not...')
#1 C:\Webosteo\htdocs\class\class_notification.php(0): Connexion->executeTraite('delete from not...')
#2 C:\Webosteo\htdocs\class\class_notification.php(0): Notification->read('Nolwenn')
#3 C:\Webosteo\htdocs\ajax\notification.php(0): Collection_Notification->readAll('Nolwenn')
#4 C:\Webosteo\htdocs\ajax\notification.php(2): sg_load('D5D1A63A6B6692D...')
#5 {main}
05/10/2025 19:37:22 ------ FIN ------

05/10/2025 19:37:22 ------ DEBUT ------
05/10/2025 19:37:22 SQLSTATE[HY000]: General error: 1 no such column: user
05/10/2025 19:37:22 Erreur sur la requête : delete from notification_histo where notification='6' and user='Nolwenn'
05/10/2025 19:37:22 Paramètres : 
05/10/2025 19:37:22 URI : /ajax/notification.php
05/10/2025 19:37:22 FILENAME : /ajax/notification.php
05/10/2025 19:37:22 TRACE ERREUR : 
#0 C:\Webosteo\htdocs\class\class_connexion.php(0): PDO->prepare('delete from not...')
#1 C:\Webosteo\htdocs\class\class_notification.php(0): Connexion->executeTraite('delete from not...')
#2 C:\Webosteo\htdocs\class\class_notification.php(0): Notification->read('Nolwenn')
#3 C:\Webosteo\htdocs\ajax\notification.php(0): Collection_Notification->readAll('Nolwenn')
#4 C:\Webosteo\htdocs\ajax\notification.php(2): sg_load('D5D1A63A6B6692D...')
#5 {main}
05/10/2025 19:37:22 ------ FIN ------

05/10/2025 19:37:22 ------ DEBUT ------
05/10/2025 19:37:22 SQLSTATE[HY000]: General error: 1 no such column: user
05/10/2025 19:37:22 Erreur sur la requête : delete from notification_histo where notification='5' and user='Nolwenn'
05/10/2025 19:37:22 Paramètres : 
05/10/2025 19:37:22 URI : /ajax/notification.php
05/10/2025 19:37:22 FILENAME : /ajax/notification.php
05/10/2025 19:37:22 TRACE ERREUR : 
#0 C:\Webosteo\htdocs\class\class_connexion.php(0): PDO->prepare('delete from not...')
#1 C:\Webosteo\htdocs\class\class_notification.php(0): Connexion->executeTraite('delete from not...')
#2 C:\Webosteo\htdocs\class\class_notification.php(0): Notification->read('Nolwenn')
#3 C:\Webosteo\htdocs\ajax\notification.php(0): Collection_Notification->readAll('Nolwenn')
#4 C:\Webosteo\htdocs\ajax\notification.php(2): sg_load('D5D1A63A6B6692D...')
#5 {main}
05/10/2025 19:37:22 ------ FIN ------

05/10/2025 19:37:22 ------ DEBUT ------
05/10/2025 19:37:22 SQLSTATE[HY000]: General error: 1 no such column: user
05/10/2025 19:37:22 Erreur sur la requête : delete from notification_histo where notification='4' and user='Nolwenn'
05/10/2025 19:37:22 Paramètres : 
05/10/2025 19:37:22 URI : /ajax/notification.php
05/10/2025 19:37:22 FILENAME : /ajax/notification.php
05/10/2025 19:37:22 TRACE ERREUR : 
#0 C:\Webosteo\htdocs\class\class_connexion.php(0): PDO->prepare('delete from not...')
#1 C:\Webosteo\htdocs\class\class_notification.php(0): Connexion->executeTraite('delete from not...')
#2 C:\Webosteo\htdocs\class\class_notification.php(0): Notification->read('Nolwenn')
#3 C:\Webosteo\htdocs\ajax\notification.php(0): Collection_Notification->readAll('Nolwenn')
#4 C:\Webosteo\htdocs\ajax\notification.php(2): sg_load('D5D1A63A6B6692D...')
#5 {main}
05/10/2025 19:37:22 ------ FIN ------

05/10/2025 19:37:22 ------ DEBUT ------
05/10/2025 19:37:22 SQLSTATE[HY000]: General error: 1 no such column: user
05/10/2025 19:37:22 Erreur sur la requête : delete from notification_histo where notification='3' and user='Nolwenn'
05/10/2025 19:37:22 Paramètres : 
05/10/2025 19:37:22 URI : /ajax/notification.php
05/10/2025 19:37:22 FILENAME : /ajax/notification.php
05/10/2025 19:37:22 TRACE ERREUR : 
#0 C:\Webosteo\htdocs\class\class_connexion.php(0): PDO->prepare('delete from not...')
#1 C:\Webosteo\htdocs\class\class_notification.php(0): Connexion->executeTraite('delete from not...')
#2 C:\Webosteo\htdocs\class\class_notification.php(0): Notification->read('Nolwenn')
#3 C:\Webosteo\htdocs\ajax\notification.php(0): Collection_Notification->readAll('Nolwenn')
#4 C:\Webosteo\htdocs\ajax\notification.php(2): sg_load('D5D1A63A6B6692D...')
#5 {main}
05/10/2025 19:37:22 ------ FIN ------

05/10/2025 19:37:22 ------ DEBUT ------
05/10/2025 19:37:22 SQLSTATE[HY000]: General error: 1 no such column: user
05/10/2025 19:37:22 Erreur sur la requête : delete from notification_histo where notification='2' and user='Nolwenn'
05/10/2025 19:37:22 Paramètres : 
05/10/2025 19:37:22 URI : /ajax/notification.php
05/10/2025 19:37:22 FILENAME : /ajax/notification.php
05/10/2025 19:37:22 TRACE ERREUR : 
#0 C:\Webosteo\htdocs\class\class_connexion.php(0): PDO->prepare('delete from not...')
#1 C:\Webosteo\htdocs\class\class_notification.php(0): Connexion->executeTraite('delete from not...')
#2 C:\Webosteo\htdocs\class\class_notification.php(0): Notification->read('Nolwenn')
#3 C:\Webosteo\htdocs\ajax\notification.php(0): Collection_Notification->readAll('Nolwenn')
#4 C:\Webosteo\htdocs\ajax\notification.php(2): sg_load('D5D1A63A6B6692D...')
#5 {main}
05/10/2025 19:37:22 ------ FIN ------

05/10/2025 19:37:22 ------ DEBUT ------
05/10/2025 19:37:22 SQLSTATE[HY000]: General error: 1 no such column: user
05/10/2025 19:37:22 Erreur sur la requête : delete from notification_histo where notification='1' and user='Nolwenn'
05/10/2025 19:37:22 Paramètres : 
05/10/2025 19:37:22 URI : /ajax/notification.php
05/10/2025 19:37:22 FILENAME : /ajax/notification.php
05/10/2025 19:37:22 TRACE ERREUR : 
#0 C:\Webosteo\htdocs\class\class_connexion.php(0): PDO->prepare('delete from not...')
#1 C:\Webosteo\htdocs\class\class_notification.php(0): Connexion->executeTraite('delete from not...')
#2 C:\Webosteo\htdocs\class\class_notification.php(0): Notification->read('Nolwenn')
#3 C:\Webosteo\htdocs\ajax\notification.php(0): Collection_Notification->readAll('Nolwenn')
#4 C:\Webosteo\htdocs\ajax\notification.php(2): sg_load('D5D1A63A6B6692D...')
#5 {main}
05/10/2025 19:37:22 ------ FIN ------

05/10/2025 19:37:22 ------ DEBUT ------
05/10/2025 19:37:22 SQLSTATE[HY000]: General error: 1 no such column: user
05/10/2025 19:37:22 Erreur sur la requête : delete from notification_histo where notification='6748475d1abdb' and user='Nolwenn'
05/10/2025 19:37:22 Paramètres : 
05/10/2025 19:37:22 URI : /ajax/notification.php
05/10/2025 19:37:22 FILENAME : /ajax/notification.php
05/10/2025 19:37:22 TRACE ERREUR : 
#0 C:\Webosteo\htdocs\class\class_connexion.php(0): PDO->prepare('delete from not...')
#1 C:\Webosteo\htdocs\class\class_notification.php(0): Connexion->executeTraite('delete from not...')
#2 C:\Webosteo\htdocs\class\class_notification.php(0): Notification->read('Nolwenn')
#3 C:\Webosteo\htdocs\ajax\notification.php(0): Collection_Notification->readAll('Nolwenn')
#4 C:\Webosteo\htdocs\ajax\notification.php(2): sg_load('D5D1A63A6B6692D...')
#5 {main}
05/10/2025 19:37:22 ------ FIN ------

05/10/2025 19:37:22 ------ DEBUT ------
05/10/2025 19:37:22 SQLSTATE[HY000]: General error: 1 no such column: user
05/10/2025 19:37:22 Erreur sur la requête : delete from notification_histo where notification='6748475de6b1a' and user='Nolwenn'
05/10/2025 19:37:22 Paramètres : 
05/10/2025 19:37:22 URI : /ajax/notification.php
05/10/2025 19:37:22 FILENAME : /ajax/notification.php
05/10/2025 19:37:22 TRACE ERREUR : 
#0 C:\Webosteo\htdocs\class\class_connexion.php(0): PDO->prepare('delete from not...')
#1 C:\Webosteo\htdocs\class\class_notification.php(0): Connexion->executeTraite('delete from not...')
#2 C:\Webosteo\htdocs\class\class_notification.php(0): Notification->read('Nolwenn')
#3 C:\Webosteo\htdocs\ajax\notification.php(0): Collection_Notification->readAll('Nolwenn')
#4 C:\Webosteo\htdocs\ajax\notification.php(2): sg_load('D5D1A63A6B6692D...')
#5 {main}
05/10/2025 19:37:22 ------ FIN ------

05/10/2025 19:37:22 ------ DEBUT ------
05/10/2025 19:37:22 SQLSTATE[HY000]: General error: 1 no such column: user
05/10/2025 19:37:22 Erreur sur la requête : delete from notification_histo where notification='67496f4df0b7d' and user='Nolwenn'
05/10/2025 19:37:22 Paramètres : 
05/10/2025 19:37:22 URI : /ajax/notification.php
05/10/2025 19:37:22 FILENAME : /ajax/notification.php
05/10/2025 19:37:22 TRACE ERREUR : 
#0 C:\Webosteo\htdocs\class\class_connexion.php(0): PDO->prepare('delete from not...')
#1 C:\Webosteo\htdocs\class\class_notification.php(0): Connexion->executeTraite('delete from not...')
#2 C:\Webosteo\htdocs\class\class_notification.php(0): Notification->read('Nolwenn')
#3 C:\Webosteo\htdocs\ajax\notification.php(0): Collection_Notification->readAll('Nolwenn')
#4 C:\Webosteo\htdocs\ajax\notification.php(2): sg_load('D5D1A63A6B6692D...')
#5 {main}
05/10/2025 19:37:22 ------ FIN ------

05/10/2025 19:37:22 ------ DEBUT ------
05/10/2025 19:37:22 SQLSTATE[HY000]: General error: 1 no such column: user
05/10/2025 19:37:22 Erreur sur la requête : delete from notification_histo where notification='67496f4e2cfea' and user='Nolwenn'
05/10/2025 19:37:22 Paramètres : 
05/10/2025 19:37:22 URI : /ajax/notification.php
05/10/2025 19:37:22 FILENAME : /ajax/notification.php
05/10/2025 19:37:22 TRACE ERREUR : 
#0 C:\Webosteo\htdocs\class\class_connexion.php(0): PDO->prepare('delete from not...')
#1 C:\Webosteo\htdocs\class\class_notification.php(0): Connexion->executeTraite('delete from not...')
#2 C:\Webosteo\htdocs\class\class_notification.php(0): Notification->read('Nolwenn')
#3 C:\Webosteo\htdocs\ajax\notification.php(0): Collection_Notification->readAll('Nolwenn')
#4 C:\Webosteo\htdocs\ajax\notification.php(2): sg_load('D5D1A63A6B6692D...')
#5 {main}
05/10/2025 19:37:22 ------ FIN ------

05/10/2025 19:37:22 ------ DEBUT ------
05/10/2025 19:37:22 SQLSTATE[HY000]: General error: 1 no such column: user
05/10/2025 19:37:22 Erreur sur la requête : delete from notification_histo where notification='674b29172abce' and user='Nolwenn'
05/10/2025 19:37:22 Paramètres : 
05/10/2025 19:37:22 URI : /ajax/notification.php
05/10/2025 19:37:22 FILENAME : /ajax/notification.php
05/10/2025 19:37:22 TRACE ERREUR : 
#0 C:\Webosteo\htdocs\class\class_connexion.php(0): PDO->prepare('delete from not...')
#1 C:\Webosteo\htdocs\class\class_notification.php(0): Connexion->executeTraite('delete from not...')
#2 C:\Webosteo\htdocs\class\class_notification.php(0): Notification->read('Nolwenn')
#3 C:\Webosteo\htdocs\ajax\notification.php(0): Collection_Notification->readAll('Nolwenn')
#4 C:\Webosteo\htdocs\ajax\notification.php(2): sg_load('D5D1A63A6B6692D...')
#5 {main}
05/10/2025 19:37:22 ------ FIN ------

05/10/2025 19:37:22 ------ DEBUT ------
05/10/2025 19:37:22 SQLSTATE[HY000]: General error: 1 no such column: user
05/10/2025 19:37:22 Erreur sur la requête : delete from notification_histo where notification='674b2917bf39f' and user='Nolwenn'
05/10/2025 19:37:22 Paramètres : 
05/10/2025 19:37:22 URI : /ajax/notification.php
05/10/2025 19:37:22 FILENAME : /ajax/notification.php
05/10/2025 19:37:22 TRACE ERREUR : 
#0 C:\Webosteo\htdocs\class\class_connexion.php(0): PDO->prepare('delete from not...')
#1 C:\Webosteo\htdocs\class\class_notification.php(0): Connexion->executeTraite('delete from not...')
#2 C:\Webosteo\htdocs\class\class_notification.php(0): Notification->read('Nolwenn')
#3 C:\Webosteo\htdocs\ajax\notification.php(0): Collection_Notification->readAll('Nolwenn')
#4 C:\Webosteo\htdocs\ajax\notification.php(2): sg_load('D5D1A63A6B6692D...')
#5 {main}
05/10/2025 19:37:22 ------ FIN ------

05/10/2025 19:37:22 ------ DEBUT ------
05/10/2025 19:37:22 SQLSTATE[HY000]: General error: 1 no such column: user
05/10/2025 19:37:22 Erreur sur la requête : delete from notification_histo where notification='674db228ceb5b' and user='Nolwenn'
05/10/2025 19:37:22 Paramètres : 
05/10/2025 19:37:22 URI : /ajax/notification.php
05/10/2025 19:37:22 FILENAME : /ajax/notification.php
05/10/2025 19:37:22 TRACE ERREUR : 
#0 C:\Webosteo\htdocs\class\class_connexion.php(0): PDO->prepare('delete from not...')
#1 C:\Webosteo\htdocs\class\class_notification.php(0): Connexion->executeTraite('delete from not...')
#2 C:\Webosteo\htdocs\class\class_notification.php(0): Notification->read('Nolwenn')
#3 C:\Webosteo\htdocs\ajax\notification.php(0): Collection_Notification->readAll('Nolwenn')
#4 C:\Webosteo\htdocs\ajax\notification.php(2): sg_load('D5D1A63A6B6692D...')
#5 {main}
05/10/2025 19:37:22 ------ FIN ------

05/10/2025 19:37:22 ------ DEBUT ------
05/10/2025 19:37:22 SQLSTATE[HY000]: General error: 1 no such column: user
05/10/2025 19:37:22 Erreur sur la requête : delete from notification_histo where notification='674db2297b039' and user='Nolwenn'
05/10/2025 19:37:22 Paramètres : 
05/10/2025 19:37:22 URI : /ajax/notification.php
05/10/2025 19:37:22 FILENAME : /ajax/notification.php
05/10/2025 19:37:22 TRACE ERREUR : 
#0 C:\Webosteo\htdocs\class\class_connexion.php(0): PDO->prepare('delete from not...')
#1 C:\Webosteo\htdocs\class\class_notification.php(0): Connexion->executeTraite('delete from not...')
#2 C:\Webosteo\htdocs\class\class_notification.php(0): Notification->read('Nolwenn')
#3 C:\Webosteo\htdocs\ajax\notification.php(0): Collection_Notification->readAll('Nolwenn')
#4 C:\Webosteo\htdocs\ajax\notification.php(2): sg_load('D5D1A63A6B6692D...')
#5 {main}
05/10/2025 19:37:22 ------ FIN ------

05/10/2025 19:37:22 ------ DEBUT ------
05/10/2025 19:37:22 SQLSTATE[HY000]: General error: 1 no such column: user
05/10/2025 19:37:22 Erreur sur la requête : delete from notification_histo where notification='67518b518341a' and user='Nolwenn'
05/10/2025 19:37:22 Paramètres : 
05/10/2025 19:37:22 URI : /ajax/notification.php
05/10/2025 19:37:22 FILENAME : /ajax/notification.php
05/10/2025 19:37:22 TRACE ERREUR : 
#0 C:\Webosteo\htdocs\class\class_connexion.php(0): PDO->prepare('delete from not...')
#1 C:\Webosteo\htdocs\class\class_notification.php(0): Connexion->executeTraite('delete from not...')
#2 C:\Webosteo\htdocs\class\class_notification.php(0): Notification->read('Nolwenn')
#3 C:\Webosteo\htdocs\ajax\notification.php(0): Collection_Notification->readAll('Nolwenn')
#4 C:\Webosteo\htdocs\ajax\notification.php(2): sg_load('D5D1A63A6B6692D...')
#5 {main}
05/10/2025 19:37:22 ------ FIN ------

05/10/2025 19:37:22 ------ DEBUT ------
05/10/2025 19:37:22 SQLSTATE[HY000]: General error: 1 no such column: user
05/10/2025 19:37:22 Erreur sur la requête : delete from notification_histo where notification='67518b5227a61' and user='Nolwenn'
05/10/2025 19:37:22 Paramètres : 
05/10/2025 19:37:22 URI : /ajax/notification.php
05/10/2025 19:37:22 FILENAME : /ajax/notification.php
05/10/2025 19:37:22 TRACE ERREUR : 
#0 C:\Webosteo\htdocs\class\class_connexion.php(0): PDO->prepare('delete from not...')
#1 C:\Webosteo\htdocs\class\class_notification.php(0): Connexion->executeTraite('delete from not...')
#2 C:\Webosteo\htdocs\class\class_notification.php(0): Notification->read('Nolwenn')
#3 C:\Webosteo\htdocs\ajax\notification.php(0): Collection_Notification->readAll('Nolwenn')
#4 C:\Webosteo\htdocs\ajax\notification.php(2): sg_load('D5D1A63A6B6692D...')
#5 {main}
05/10/2025 19:37:22 ------ FIN ------

05/10/2025 19:37:22 ------ DEBUT ------
05/10/2025 19:37:22 SQLSTATE[HY000]: General error: 1 no such column: user
05/10/2025 19:37:22 Erreur sur la requête : delete from notification_histo where notification='6752befc5141d' and user='Nolwenn'
05/10/2025 19:37:22 Paramètres : 
05/10/2025 19:37:22 URI : /ajax/notification.php
05/10/2025 19:37:22 FILENAME : /ajax/notification.php
05/10/2025 19:37:22 TRACE ERREUR : 
#0 C:\Webosteo\htdocs\class\class_connexion.php(0): PDO->prepare('delete from not...')
#1 C:\Webosteo\htdocs\class\class_notification.php(0): Connexion->executeTraite('delete from not...')
#2 C:\Webosteo\htdocs\class\class_notification.php(0): Notification->read('Nolwenn')
#3 C:\Webosteo\htdocs\ajax\notification.php(0): Collection_Notification->readAll('Nolwenn')
#4 C:\Webosteo\htdocs\ajax\notification.php(2): sg_load('D5D1A63A6B6692D...')
#5 {main}
05/10/2025 19:37:22 ------ FIN ------

05/10/2025 19:37:22 ------ DEBUT ------
05/10/2025 19:37:22 SQLSTATE[HY000]: General error: 1 no such column: user
05/10/2025 19:37:22 Erreur sur la requête : delete from notification_histo where notification='6752befce7595' and user='Nolwenn'
05/10/2025 19:37:22 Paramètres : 
05/10/2025 19:37:22 URI : /ajax/notification.php
05/10/2025 19:37:22 FILENAME : /ajax/notification.php
05/10/2025 19:37:22 TRACE ERREUR : 
#0 C:\Webosteo\htdocs\class\class_connexion.php(0): PDO->prepare('delete from not...')
#1 C:\Webosteo\htdocs\class\class_notification.php(0): Connexion->executeTraite('delete from not...')
#2 C:\Webosteo\htdocs\class\class_notification.php(0): Notification->read('Nolwenn')
#3 C:\Webosteo\htdocs\ajax\notification.php(0): Collection_Notification->readAll('Nolwenn')
#4 C:\Webosteo\htdocs\ajax\notification.php(2): sg_load('D5D1A63A6B6692D...')
#5 {main}
05/10/2025 19:37:22 ------ FIN ------

05/10/2025 19:37:22 ------ DEBUT ------
05/10/2025 19:37:22 SQLSTATE[HY000]: General error: 1 no such column: user
05/10/2025 19:37:22 Erreur sur la requête : delete from notification_histo where notification='6754026e6376f' and user='Nolwenn'
05/10/2025 19:37:22 Paramètres : 
05/10/2025 19:37:22 URI : /ajax/notification.php
05/10/2025 19:37:22 FILENAME : /ajax/notification.php
05/10/2025 19:37:22 TRACE ERREUR : 
#0 C:\Webosteo\htdocs\class\class_connexion.php(0): PDO->prepare('delete from not...')
#1 C:\Webosteo\htdocs\class\class_notification.php(0): Connexion->executeTraite('delete from not...')
#2 C:\Webosteo\htdocs\class\class_notification.php(0): Notification->read('Nolwenn')
#3 C:\Webosteo\htdocs\ajax\notification.php(0): Collection_Notification->readAll('Nolwenn')
#4 C:\Webosteo\htdocs\ajax\notification.php(2): sg_load('D5D1A63A6B6692D...')
#5 {main}
05/10/2025 19:37:22 ------ FIN ------

05/10/2025 19:37:22 ------ DEBUT ------
05/10/2025 19:37:22 SQLSTATE[HY000]: General error: 1 no such column: user
05/10/2025 19:37:22 Erreur sur la requête : delete from notification_histo where notification='6754026f05821' and user='Nolwenn'
05/10/2025 19:37:22 Paramètres : 
05/10/2025 19:37:22 URI : /ajax/notification.php
05/10/2025 19:37:22 FILENAME : /ajax/notification.php
05/10/2025 19:37:22 TRACE ERREUR : 
#0 C:\Webosteo\htdocs\class\class_connexion.php(0): PDO->prepare('delete from not...')
#1 C:\Webosteo\htdocs\class\class_notification.php(0): Connexion->executeTraite('delete from not...')
#2 C:\Webosteo\htdocs\class\class_notification.php(0): Notification->read('Nolwenn')
#3 C:\Webosteo\htdocs\ajax\notification.php(0): Collection_Notification->readAll('Nolwenn')
#4 C:\Webosteo\htdocs\ajax\notification.php(2): sg_load('D5D1A63A6B6692D...')
#5 {main}
05/10/2025 19:37:22 ------ FIN ------

05/10/2025 19:37:22 ------ DEBUT ------
05/10/2025 19:37:22 SQLSTATE[HY000]: General error: 1 no such column: user
05/10/2025 19:37:22 Erreur sur la requête : delete from notification_histo where notification='6756eda8ce293' and user='Nolwenn'
05/10/2025 19:37:22 Paramètres : 
05/10/2025 19:37:22 URI : /ajax/notification.php
05/10/2025 19:37:22 FILENAME : /ajax/notification.php
05/10/2025 19:37:22 TRACE ERREUR : 
#0 C:\Webosteo\htdocs\class\class_connexion.php(0): PDO->prepare('delete from not...')
#1 C:\Webosteo\htdocs\class\class_notification.php(0): Connexion->executeTraite('delete from not...')
#2 C:\Webosteo\htdocs\class\class_notification.php(0): Notification->read('Nolwenn')
#3 C:\Webosteo\htdocs\ajax\notification.php(0): Collection_Notification->readAll('Nolwenn')
#4 C:\Webosteo\htdocs\ajax\notification.php(2): sg_load('D5D1A63A6B6692D...')
#5 {main}
05/10/2025 19:37:22 ------ FIN ------

05/10/2025 19:37:22 ------ DEBUT ------
05/10/2025 19:37:22 SQLSTATE[HY000]: General error: 1 no such column: user
05/10/2025 19:37:22 Erreur sur la requête : delete from notification_histo where notification='6756eda979683' and user='Nolwenn'
05/10/2025 19:37:22 Paramètres : 
05/10/2025 19:37:22 URI : /ajax/notification.php
05/10/2025 19:37:22 FILENAME : /ajax/notification.php
05/10/2025 19:37:22 TRACE ERREUR : 
#0 C:\Webosteo\htdocs\class\class_connexion.php(0): PDO->prepare('delete from not...')
#1 C:\Webosteo\htdocs\class\class_notification.php(0): Connexion->executeTraite('delete from not...')
#2 C:\Webosteo\htdocs\class\class_notification.php(0): Notification->read('Nolwenn')
#3 C:\Webosteo\htdocs\ajax\notification.php(0): Collection_Notification->readAll('Nolwenn')
#4 C:\Webosteo\htdocs\ajax\notification.php(2): sg_load('D5D1A63A6B6692D...')
#5 {main}
05/10/2025 19:37:22 ------ FIN ------

05/10/2025 19:37:22 ------ DEBUT ------
05/10/2025 19:37:22 SQLSTATE[HY000]: General error: 1 no such column: user
05/10/2025 19:37:22 Erreur sur la requête : delete from notification_histo where notification='6757f4e2a891b' and user='Nolwenn'
05/10/2025 19:37:22 Paramètres : 
05/10/2025 19:37:22 URI : /ajax/notification.php
05/10/2025 19:37:22 FILENAME : /ajax/notification.php
05/10/2025 19:37:22 TRACE ERREUR : 
#0 C:\Webosteo\htdocs\class\class_connexion.php(0): PDO->prepare('delete from not...')
#1 C:\Webosteo\htdocs\class\class_notification.php(0): Connexion->executeTraite('delete from not...')
#2 C:\Webosteo\htdocs\class\class_notification.php(0): Notification->read('Nolwenn')
#3 C:\Webosteo\htdocs\ajax\notification.php(0): Collection_Notification->readAll('Nolwenn')
#4 C:\Webosteo\htdocs\ajax\notification.php(2): sg_load('D5D1A63A6B6692D...')
#5 {main}
05/10/2025 19:37:22 ------ FIN ------

05/10/2025 19:37:22 ------ DEBUT ------
05/10/2025 19:37:22 SQLSTATE[HY000]: General error: 1 no such column: user
05/10/2025 19:37:22 Erreur sur la requête : delete from notification_histo where notification='6757f4e2b6e6e' and user='Nolwenn'
05/10/2025 19:37:22 Paramètres : 
05/10/2025 19:37:22 URI : /ajax/notification.php
05/10/2025 19:37:22 FILENAME : /ajax/notification.php
05/10/2025 19:37:22 TRACE ERREUR : 
#0 C:\Webosteo\htdocs\class\class_connexion.php(0): PDO->prepare('delete from not...')
#1 C:\Webosteo\htdocs\class\class_notification.php(0): Connexion->executeTraite('delete from not...')
#2 C:\Webosteo\htdocs\class\class_notification.php(0): Notification->read('Nolwenn')
#3 C:\Webosteo\htdocs\ajax\notification.php(0): Collection_Notification->readAll('Nolwenn')
#4 C:\Webosteo\htdocs\ajax\notification.php(2): sg_load('D5D1A63A6B6692D...')
#5 {main}
05/10/2025 19:37:22 ------ FIN ------

05/10/2025 19:37:22 ------ DEBUT ------
05/10/2025 19:37:22 SQLSTATE[HY000]: General error: 1 no such column: user
05/10/2025 19:37:22 Erreur sur la requête : delete from notification_histo where notification='675963d99292d' and user='Nolwenn'
05/10/2025 19:37:22 Paramètres : 
05/10/2025 19:37:22 URI : /ajax/notification.php
05/10/2025 19:37:22 FILENAME : /ajax/notification.php
05/10/2025 19:37:22 TRACE ERREUR : 
#0 C:\Webosteo\htdocs\class\class_connexion.php(0): PDO->prepare('delete from not...')
#1 C:\Webosteo\htdocs\class\class_notification.php(0): Connexion->executeTraite('delete from not...')
#2 C:\Webosteo\htdocs\class\class_notification.php(0): Notification->read('Nolwenn')
#3 C:\Webosteo\htdocs\ajax\notification.php(0): Collection_Notification->readAll('Nolwenn')
#4 C:\Webosteo\htdocs\ajax\notification.php(2): sg_load('D5D1A63A6B6692D...')
#5 {main}
05/10/2025 19:37:22 ------ FIN ------

05/10/2025 19:37:22 ------ DEBUT ------
05/10/2025 19:37:22 SQLSTATE[HY000]: General error: 1 no such column: user
05/10/2025 19:37:22 Erreur sur la requête : delete from notification_histo where notification='675963da39e94' and user='Nolwenn'
05/10/2025 19:37:22 Paramètres : 
05/10/2025 19:37:22 URI : /ajax/notification.php
05/10/2025 19:37:22 FILENAME : /ajax/notification.php
05/10/2025 19:37:22 TRACE ERREUR : 
#0 C:\Webosteo\htdocs\class\class_connexion.php(0): PDO->prepare('delete from not...')
#1 C:\Webosteo\htdocs\class\class_notification.php(0): Connexion->executeTraite('delete from not...')
#2 C:\Webosteo\htdocs\class\class_notification.php(0): Notification->read('Nolwenn')
#3 C:\Webosteo\htdocs\ajax\notification.php(0): Collection_Notification->readAll('Nolwenn')
#4 C:\Webosteo\htdocs\ajax\notification.php(2): sg_load('D5D1A63A6B6692D...')
#5 {main}
05/10/2025 19:37:22 ------ FIN ------

05/10/2025 19:37:22 ------ DEBUT ------
05/10/2025 19:37:22 SQLSTATE[HY000]: General error: 1 no such column: user
05/10/2025 19:37:22 Erreur sur la requête : delete from notification_histo where notification='675a9ac7b2f6a' and user='Nolwenn'
05/10/2025 19:37:22 Paramètres : 
05/10/2025 19:37:22 URI : /ajax/notification.php
05/10/2025 19:37:22 FILENAME : /ajax/notification.php
05/10/2025 19:37:22 TRACE ERREUR : 
#0 C:\Webosteo\htdocs\class\class_connexion.php(0): PDO->prepare('delete from not...')
#1 C:\Webosteo\htdocs\class\class_notification.php(0): Connexion->executeTraite('delete from not...')
#2 C:\Webosteo\htdocs\class\class_notification.php(0): Notification->read('Nolwenn')
#3 C:\Webosteo\htdocs\ajax\notification.php(0): Collection_Notification->readAll('Nolwenn')
#4 C:\Webosteo\htdocs\ajax\notification.php(2): sg_load('D5D1A63A6B6692D...')
#5 {main}
05/10/2025 19:37:22 ------ FIN ------

05/10/2025 19:37:22 ------ DEBUT ------
05/10/2025 19:37:22 SQLSTATE[HY000]: General error: 1 no such column: user
05/10/2025 19:37:22 Erreur sur la requête : delete from notification_histo where notification='675a9ac87ac91' and user='Nolwenn'
05/10/2025 19:37:22 Paramètres : 
05/10/2025 19:37:22 URI : /ajax/notification.php
05/10/2025 19:37:22 FILENAME : /ajax/notification.php
05/10/2025 19:37:22 TRACE ERREUR : 
#0 C:\Webosteo\htdocs\class\class_connexion.php(0): PDO->prepare('delete from not...')
#1 C:\Webosteo\htdocs\class\class_notification.php(0): Connexion->executeTraite('delete from not...')
#2 C:\Webosteo\htdocs\class\class_notification.php(0): Notification->read('Nolwenn')
#3 C:\Webosteo\htdocs\ajax\notification.php(0): Collection_Notification->readAll('Nolwenn')
#4 C:\Webosteo\htdocs\ajax\notification.php(2): sg_load('D5D1A63A6B6692D...')
#5 {main}
05/10/2025 19:37:22 ------ FIN ------

05/10/2025 19:37:22 ------ DEBUT ------
05/10/2025 19:37:22 SQLSTATE[HY000]: General error: 1 no such column: user
05/10/2025 19:37:22 Erreur sur la requête : delete from notification_histo where notification='675be38aa0501' and user='Nolwenn'
05/10/2025 19:37:22 Paramètres : 
05/10/2025 19:37:22 URI : /ajax/notification.php
05/10/2025 19:37:22 FILENAME : /ajax/notification.php
05/10/2025 19:37:22 TRACE ERREUR : 
#0 C:\Webosteo\htdocs\class\class_connexion.php(0): PDO->prepare('delete from not...')
#1 C:\Webosteo\htdocs\class\class_notification.php(0): Connexion->executeTraite('delete from not...')
#2 C:\Webosteo\htdocs\class\class_notification.php(0): Notification->read('Nolwenn')
#3 C:\Webosteo\htdocs\ajax\notification.php(0): Collection_Notification->readAll('Nolwenn')
#4 C:\Webosteo\htdocs\ajax\notification.php(2): sg_load('D5D1A63A6B6692D...')
#5 {main}
05/10/2025 19:37:22 ------ FIN ------

05/10/2025 19:37:22 ------ DEBUT ------
05/10/2025 19:37:22 SQLSTATE[HY000]: General error: 1 no such column: user
05/10/2025 19:37:22 Erreur sur la requête : delete from notification_histo where notification='675be38b226c7' and user='Nolwenn'
05/10/2025 19:37:22 Paramètres : 
05/10/2025 19:37:22 URI : /ajax/notification.php
05/10/2025 19:37:22 FILENAME : /ajax/notification.php
05/10/2025 19:37:22 TRACE ERREUR : 
#0 C:\Webosteo\htdocs\class\class_connexion.php(0): PDO->prepare('delete from not...')
#1 C:\Webosteo\htdocs\class\class_notification.php(0): Connexion->executeTraite('delete from not...')
#2 C:\Webosteo\htdocs\class\class_notification.php(0): Notification->read('Nolwenn')
#3 C:\Webosteo\htdocs\ajax\notification.php(0): Collection_Notification->readAll('Nolwenn')
#4 C:\Webosteo\htdocs\ajax\notification.php(2): sg_load('D5D1A63A6B6692D...')
#5 {main}
05/10/2025 19:37:22 ------ FIN ------

05/10/2025 19:37:23 ------ DEBUT ------
05/10/2025 19:37:23 SQLSTATE[HY000]: General error: 1 no such column: user
05/10/2025 19:37:23 Erreur sur la requête : delete from notification_histo where notification='675d3e0a864c8' and user='Nolwenn'
05/10/2025 19:37:23 Paramètres : 
05/10/2025 19:37:23 URI : /ajax/notification.php
05/10/2025 19:37:23 FILENAME : /ajax/notification.php
05/10/2025 19:37:23 TRACE ERREUR : 
#0 C:\Webosteo\htdocs\class\class_connexion.php(0): PDO->prepare('delete from not...')
#1 C:\Webosteo\htdocs\class\class_notification.php(0): Connexion->executeTraite('delete from not...')
#2 C:\Webosteo\htdocs\class\class_notification.php(0): Notification->read('Nolwenn')
#3 C:\Webosteo\htdocs\ajax\notification.php(0): Collection_Notification->readAll('Nolwenn')
#4 C:\Webosteo\htdocs\ajax\notification.php(2): sg_load('D5D1A63A6B6692D...')
#5 {main}
05/10/2025 19:37:23 ------ FIN ------

05/10/2025 19:37:23 ------ DEBUT ------
05/10/2025 19:37:23 SQLSTATE[HY000]: General error: 1 no such column: user
05/10/2025 19:37:23 Erreur sur la requête : delete from notification_histo where notification='675d3e0b2ffca' and user='Nolwenn'
05/10/2025 19:37:23 Paramètres : 
05/10/2025 19:37:23 URI : /ajax/notification.php
05/10/2025 19:37:23 FILENAME : /ajax/notification.php
05/10/2025 19:37:23 TRACE ERREUR : 
#0 C:\Webosteo\htdocs\class\class_connexion.php(0): PDO->prepare('delete from not...')
#1 C:\Webosteo\htdocs\class\class_notification.php(0): Connexion->executeTraite('delete from not...')
#2 C:\Webosteo\htdocs\class\class_notification.php(0): Notification->read('Nolwenn')
#3 C:\Webosteo\htdocs\ajax\notification.php(0): Collection_Notification->readAll('Nolwenn')
#4 C:\Webosteo\htdocs\ajax\notification.php(2): sg_load('D5D1A63A6B6692D...')
#5 {main}
05/10/2025 19:37:23 ------ FIN ------

05/10/2025 19:37:23 ------ DEBUT ------
05/10/2025 19:37:23 SQLSTATE[HY000]: General error: 1 no such column: user
05/10/2025 19:37:23 Erreur sur la requête : delete from notification_histo where notification='675fee9e266e7' and user='Nolwenn'
05/10/2025 19:37:23 Paramètres : 
05/10/2025 19:37:23 URI : /ajax/notification.php
05/10/2025 19:37:23 FILENAME : /ajax/notification.php
05/10/2025 19:37:23 TRACE ERREUR : 
#0 C:\Webosteo\htdocs\class\class_connexion.php(0): PDO->prepare('delete from not...')
#1 C:\Webosteo\htdocs\class\class_notification.php(0): Connexion->executeTraite('delete from not...')
#2 C:\Webosteo\htdocs\class\class_notification.php(0): Notification->read('Nolwenn')
#3 C:\Webosteo\htdocs\ajax\notification.php(0): Collection_Notification->readAll('Nolwenn')
#4 C:\Webosteo\htdocs\ajax\notification.php(2): sg_load('D5D1A63A6B6692D...')
#5 {main}
05/10/2025 19:37:23 ------ FIN ------

05/10/2025 19:37:23 ------ DEBUT ------
05/10/2025 19:37:23 SQLSTATE[HY000]: General error: 1 no such column: user
05/10/2025 19:37:23 Erreur sur la requête : delete from notification_histo where notification='675fee9ec4002' and user='Nolwenn'
05/10/2025 19:37:23 Paramètres : 
05/10/2025 19:37:23 URI : /ajax/notification.php
05/10/2025 19:37:23 FILENAME : /ajax/notification.php
05/10/2025 19:37:23 TRACE ERREUR : 
#0 C:\Webosteo\htdocs\class\class_connexion.php(0): PDO->prepare('delete from not...')
#1 C:\Webosteo\htdocs\class\class_notification.php(0): Connexion->executeTraite('delete from not...')
#2 C:\Webosteo\htdocs\class\class_notification.php(0): Notification->read('Nolwenn')
#3 C:\Webosteo\htdocs\ajax\notification.php(0): Collection_Notification->readAll('Nolwenn')
#4 C:\Webosteo\htdocs\ajax\notification.php(2): sg_load('D5D1A63A6B6692D...')
#5 {main}
05/10/2025 19:37:23 ------ FIN ------

05/10/2025 19:37:23 ------ DEBUT ------
05/10/2025 19:37:23 SQLSTATE[HY000]: General error: 1 no such column: user
05/10/2025 19:37:23 Erreur sur la requête : delete from notification_histo where notification='67615d30e5e64' and user='Nolwenn'
05/10/2025 19:37:23 Paramètres : 
05/10/2025 19:37:23 URI : /ajax/notification.php
05/10/2025 19:37:23 FILENAME : /ajax/notification.php
05/10/2025 19:37:23 TRACE ERREUR : 
#0 C:\Webosteo\htdocs\class\class_connexion.php(0): PDO->prepare('delete from not...')
#1 C:\Webosteo\htdocs\class\class_notification.php(0): Connexion->executeTraite('delete from not...')
#2 C:\Webosteo\htdocs\class\class_notification.php(0): Notification->read('Nolwenn')
#3 C:\Webosteo\htdocs\ajax\notification.php(0): Collection_Notification->readAll('Nolwenn')
#4 C:\Webosteo\htdocs\ajax\notification.php(2): sg_load('D5D1A63A6B6692D...')
#5 {main}
05/10/2025 19:37:23 ------ FIN ------

05/10/2025 19:37:23 ------ DEBUT ------
05/10/2025 19:37:23 SQLSTATE[HY000]: General error: 1 no such column: user
05/10/2025 19:37:23 Erreur sur la requête : delete from notification_histo where notification='67615d318843f' and user='Nolwenn'
05/10/2025 19:37:23 Paramètres : 
05/10/2025 19:37:23 URI : /ajax/notification.php
05/10/2025 19:37:23 FILENAME : /ajax/notification.php
05/10/2025 19:37:23 TRACE ERREUR : 
#0 C:\Webosteo\htdocs\class\class_connexion.php(0): PDO->prepare('delete from not...')
#1 C:\Webosteo\htdocs\class\class_notification.php(0): Connexion->executeTraite('delete from not...')
#2 C:\Webosteo\htdocs\class\class_notification.php(0): Notification->read('Nolwenn')
#3 C:\Webosteo\htdocs\ajax\notification.php(0): Collection_Notification->readAll('Nolwenn')
#4 C:\Webosteo\htdocs\ajax\notification.php(2): sg_load('D5D1A63A6B6692D...')
#5 {main}
05/10/2025 19:37:23 ------ FIN ------

05/10/2025 19:37:23 ------ DEBUT ------
05/10/2025 19:37:23 SQLSTATE[HY000]: General error: 1 no such column: user
05/10/2025 19:37:23 Erreur sur la requête : delete from notification_histo where notification='67629f22737e5' and user='Nolwenn'
05/10/2025 19:37:23 Paramètres : 
05/10/2025 19:37:23 URI : /ajax/notification.php
05/10/2025 19:37:23 FILENAME : /ajax/notification.php
05/10/2025 19:37:23 TRACE ERREUR : 
#0 C:\Webosteo\htdocs\class\class_connexion.php(0): PDO->prepare('delete from not...')
#1 C:\Webosteo\htdocs\class\class_notification.php(0): Connexion->executeTraite('delete from not...')
#2 C:\Webosteo\htdocs\class\class_notification.php(0): Notification->read('Nolwenn')
#3 C:\Webosteo\htdocs\ajax\notification.php(0): Collection_Notification->readAll('Nolwenn')
#4 C:\Webosteo\htdocs\ajax\notification.php(2): sg_load('D5D1A63A6B6692D...')
#5 {main}
05/10/2025 19:37:23 ------ FIN ------

05/10/2025 19:37:23 ------ DEBUT ------
05/10/2025 19:37:23 SQLSTATE[HY000]: General error: 1 no such column: user
05/10/2025 19:37:23 Erreur sur la requête : delete from notification_histo where notification='67629f23194da' and user='Nolwenn'
05/10/2025 19:37:23 Paramètres : 
05/10/2025 19:37:23 URI : /ajax/notification.php
05/10/2025 19:37:23 FILENAME : /ajax/notification.php
05/10/2025 19:37:23 TRACE ERREUR : 
#0 C:\Webosteo\htdocs\class\class_connexion.php(0): PDO->prepare('delete from not...')
#1 C:\Webosteo\htdocs\class\class_notification.php(0): Connexion->executeTraite('delete from not...')
#2 C:\Webosteo\htdocs\class\class_notification.php(0): Notification->read('Nolwenn')
#3 C:\Webosteo\htdocs\ajax\notification.php(0): Collection_Notification->readAll('Nolwenn')
#4 C:\Webosteo\htdocs\ajax\notification.php(2): sg_load('D5D1A63A6B6692D...')
#5 {main}
05/10/2025 19:37:23 ------ FIN ------

05/10/2025 19:37:23 ------ DEBUT ------
05/10/2025 19:37:23 SQLSTATE[HY000]: General error: 1 no such column: user
05/10/2025 19:37:23 Erreur sur la requête : delete from notification_histo where notification='6763d51f112ad' and user='Nolwenn'
05/10/2025 19:37:23 Paramètres : 
05/10/2025 19:37:23 URI : /ajax/notification.php
05/10/2025 19:37:23 FILENAME : /ajax/notification.php
05/10/2025 19:37:23 TRACE ERREUR : 
#0 C:\Webosteo\htdocs\class\class_connexion.php(0): PDO->prepare('delete from not...')
#1 C:\Webosteo\htdocs\class\class_notification.php(0): Connexion->executeTraite('delete from not...')
#2 C:\Webosteo\htdocs\class\class_notification.php(0): Notification->read('Nolwenn')
#3 C:\Webosteo\htdocs\ajax\notification.php(0): Collection_Notification->readAll('Nolwenn')
#4 C:\Webosteo\htdocs\ajax\notification.php(2): sg_load('D5D1A63A6B6692D...')
#5 {main}
05/10/2025 19:37:23 ------ FIN ------

05/10/2025 19:37:23 ------ DEBUT ------
05/10/2025 19:37:23 SQLSTATE[HY000]: General error: 1 no such column: user
05/10/2025 19:37:23 Erreur sur la requête : delete from notification_histo where notification='6763d51fae030' and user='Nolwenn'
05/10/2025 19:37:23 Paramètres : 
05/10/2025 19:37:23 URI : /ajax/notification.php
05/10/2025 19:37:23 FILENAME : /ajax/notification.php
05/10/2025 19:37:23 TRACE ERREUR : 
#0 C:\Webosteo\htdocs\class\class_connexion.php(0): PDO->prepare('delete from not...')
#1 C:\Webosteo\htdocs\class\class_notification.php(0): Connexion->executeTraite('delete from not...')
#2 C:\Webosteo\htdocs\class\class_notification.php(0): Notification->read('Nolwenn')
#3 C:\Webosteo\htdocs\ajax\notification.php(0): Collection_Notification->readAll('Nolwenn')
#4 C:\Webosteo\htdocs\ajax\notification.php(2): sg_load('D5D1A63A6B6692D...')
#5 {main}
05/10/2025 19:37:23 ------ FIN ------

05/10/2025 19:37:23 ------ DEBUT ------
05/10/2025 19:37:23 SQLSTATE[HY000]: General error: 1 no such column: user
05/10/2025 19:37:23 Erreur sur la requête : delete from notification_histo where notification='6765256bf0afe' and user='Nolwenn'
05/10/2025 19:37:23 Paramètres : 
05/10/2025 19:37:23 URI : /ajax/notification.php
05/10/2025 19:37:23 FILENAME : /ajax/notification.php
05/10/2025 19:37:23 TRACE ERREUR : 
#0 C:\Webosteo\htdocs\class\class_connexion.php(0): PDO->prepare('delete from not...')
#1 C:\Webosteo\htdocs\class\class_notification.php(0): Connexion->executeTraite('delete from not...')
#2 C:\Webosteo\htdocs\class\class_notification.php(0): Notification->read('Nolwenn')
#3 C:\Webosteo\htdocs\ajax\notification.php(0): Collection_Notification->readAll('Nolwenn')
#4 C:\Webosteo\htdocs\ajax\notification.php(2): sg_load('D5D1A63A6B6692D...')
#5 {main}
05/10/2025 19:37:23 ------ FIN ------

05/10/2025 19:37:23 ------ DEBUT ------
05/10/2025 19:37:23 SQLSTATE[HY000]: General error: 1 no such column: user
05/10/2025 19:37:23 Erreur sur la requête : delete from notification_histo where notification='6765256c9470c' and user='Nolwenn'
05/10/2025 19:37:23 Paramètres : 
05/10/2025 19:37:23 URI : /ajax/notification.php
05/10/2025 19:37:23 FILENAME : /ajax/notification.php
05/10/2025 19:37:23 TRACE ERREUR : 
#0 C:\Webosteo\htdocs\class\class_connexion.php(0): PDO->prepare('delete from not...')
#1 C:\Webosteo\htdocs\class\class_notification.php(0): Connexion->executeTraite('delete from not...')
#2 C:\Webosteo\htdocs\class\class_notification.php(0): Notification->read('Nolwenn')
#3 C:\Webosteo\htdocs\ajax\notification.php(0): Collection_Notification->readAll('Nolwenn')
#4 C:\Webosteo\htdocs\ajax\notification.php(2): sg_load('D5D1A63A6B6692D...')
#5 {main}
05/10/2025 19:37:23 ------ FIN ------

05/10/2025 19:37:23 ------ DEBUT ------
05/10/2025 19:37:23 SQLSTATE[HY000]: General error: 1 no such column: user
05/10/2025 19:37:23 Erreur sur la requête : delete from notification_histo where notification='6766bc9b4c4c1' and user='Nolwenn'
05/10/2025 19:37:23 Paramètres : 
05/10/2025 19:37:23 URI : /ajax/notification.php
05/10/2025 19:37:23 FILENAME : /ajax/notification.php
05/10/2025 19:37:23 TRACE ERREUR : 
#0 C:\Webosteo\htdocs\class\class_connexion.php(0): PDO->prepare('delete from not...')
#1 C:\Webosteo\htdocs\class\class_notification.php(0): Connexion->executeTraite('delete from not...')
#2 C:\Webosteo\htdocs\class\class_notification.php(0): Notification->read('Nolwenn')
#3 C:\Webosteo\htdocs\ajax\notification.php(0): Collection_Notification->readAll('Nolwenn')
#4 C:\Webosteo\htdocs\ajax\notification.php(2): sg_load('D5D1A63A6B6692D...')
#5 {main}
05/10/2025 19:37:23 ------ FIN ------

05/10/2025 19:37:23 ------ DEBUT ------
05/10/2025 19:37:23 SQLSTATE[HY000]: General error: 1 no such column: user
05/10/2025 19:37:23 Erreur sur la requête : delete from notification_histo where notification='6766bc9c098ac' and user='Nolwenn'
05/10/2025 19:37:23 Paramètres : 
05/10/2025 19:37:23 URI : /ajax/notification.php
05/10/2025 19:37:23 FILENAME : /ajax/notification.php
05/10/2025 19:37:23 TRACE ERREUR : 
#0 C:\Webosteo\htdocs\class\class_connexion.php(0): PDO->prepare('delete from not...')
#1 C:\Webosteo\htdocs\class\class_notification.php(0): Connexion->executeTraite('delete from not...')
#2 C:\Webosteo\htdocs\class\class_notification.php(0): Notification->read('Nolwenn')
#3 C:\Webosteo\htdocs\ajax\notification.php(0): Collection_Notification->readAll('Nolwenn')
#4 C:\Webosteo\htdocs\ajax\notification.php(2): sg_load('D5D1A63A6B6692D...')
#5 {main}
05/10/2025 19:37:23 ------ FIN ------

05/10/2025 19:37:23 ------ DEBUT ------
05/10/2025 19:37:23 SQLSTATE[HY000]: General error: 1 no such column: user
05/10/2025 19:37:23 Erreur sur la requête : delete from notification_histo where notification='67690a19f03d2' and user='Nolwenn'
05/10/2025 19:37:23 Paramètres : 
05/10/2025 19:37:23 URI : /ajax/notification.php
05/10/2025 19:37:23 FILENAME : /ajax/notification.php
05/10/2025 19:37:23 TRACE ERREUR : 
#0 C:\Webosteo\htdocs\class\class_connexion.php(0): PDO->prepare('delete from not...')
#1 C:\Webosteo\htdocs\class\class_notification.php(0): Connexion->executeTraite('delete from not...')
#2 C:\Webosteo\htdocs\class\class_notification.php(0): Notification->read('Nolwenn')
#3 C:\Webosteo\htdocs\ajax\notification.php(0): Collection_Notification->readAll('Nolwenn')
#4 C:\Webosteo\htdocs\ajax\notification.php(2): sg_load('D5D1A63A6B6692D...')
#5 {main}
05/10/2025 19:37:23 ------ FIN ------

05/10/2025 19:37:23 ------ DEBUT ------
05/10/2025 19:37:23 SQLSTATE[HY000]: General error: 1 no such column: user
05/10/2025 19:37:23 Erreur sur la requête : delete from notification_histo where notification='67690a1a9171f' and user='Nolwenn'
05/10/2025 19:37:23 Paramètres : 
05/10/2025 19:37:23 URI : /ajax/notification.php
05/10/2025 19:37:23 FILENAME : /ajax/notification.php
05/10/2025 19:37:23 TRACE ERREUR : 
#0 C:\Webosteo\htdocs\class\class_connexion.php(0): PDO->prepare('delete from not...')
#1 C:\Webosteo\htdocs\class\class_notification.php(0): Connexion->executeTraite('delete from not...')
#2 C:\Webosteo\htdocs\class\class_notification.php(0): Notification->read('Nolwenn')
#3 C:\Webosteo\htdocs\ajax\notification.php(0): Collection_Notification->readAll('Nolwenn')
#4 C:\Webosteo\htdocs\ajax\notification.php(2): sg_load('D5D1A63A6B6692D...')
#5 {main}
05/10/2025 19:37:23 ------ FIN ------

05/10/2025 19:37:23 ------ DEBUT ------
05/10/2025 19:37:23 SQLSTATE[HY000]: General error: 1 no such column: user
05/10/2025 19:37:23 Erreur sur la requête : delete from notification_histo where notification='676cfd89ba598' and user='Nolwenn'
05/10/2025 19:37:23 Paramètres : 
05/10/2025 19:37:23 URI : /ajax/notification.php
05/10/2025 19:37:23 FILENAME : /ajax/notification.php
05/10/2025 19:37:23 TRACE ERREUR : 
#0 C:\Webosteo\htdocs\class\class_connexion.php(0): PDO->prepare('delete from not...')
#1 C:\Webosteo\htdocs\class\class_notification.php(0): Connexion->executeTraite('delete from not...')
#2 C:\Webosteo\htdocs\class\class_notification.php(0): Notification->read('Nolwenn')
#3 C:\Webosteo\htdocs\ajax\notification.php(0): Collection_Notification->readAll('Nolwenn')
#4 C:\Webosteo\htdocs\ajax\notification.php(2): sg_load('D5D1A63A6B6692D...')
#5 {main}
05/10/2025 19:37:23 ------ FIN ------

05/10/2025 19:37:23 ------ DEBUT ------
05/10/2025 19:37:23 SQLSTATE[HY000]: General error: 1 no such column: user
05/10/2025 19:37:23 Erreur sur la requête : delete from notification_histo where notification='676cfd8a505ed' and user='Nolwenn'
05/10/2025 19:37:23 Paramètres : 
05/10/2025 19:37:23 URI : /ajax/notification.php
05/10/2025 19:37:23 FILENAME : /ajax/notification.php
05/10/2025 19:37:23 TRACE ERREUR : 
#0 C:\Webosteo\htdocs\class\class_connexion.php(0): PDO->prepare('delete from not...')
#1 C:\Webosteo\htdocs\class\class_notification.php(0): Connexion->executeTraite('delete from not...')
#2 C:\Webosteo\htdocs\class\class_notification.php(0): Notification->read('Nolwenn')
#3 C:\Webosteo\htdocs\ajax\notification.php(0): Collection_Notification->readAll('Nolwenn')
#4 C:\Webosteo\htdocs\ajax\notification.php(2): sg_load('D5D1A63A6B6692D...')
#5 {main}
05/10/2025 19:37:23 ------ FIN ------

05/10/2025 19:37:23 ------ DEBUT ------
05/10/2025 19:37:23 SQLSTATE[HY000]: General error: 1 no such column: user
05/10/2025 19:37:23 Erreur sur la requête : delete from notification_histo where notification='676ebb928120f' and user='Nolwenn'
05/10/2025 19:37:23 Paramètres : 
05/10/2025 19:37:23 URI : /ajax/notification.php
05/10/2025 19:37:23 FILENAME : /ajax/notification.php
05/10/2025 19:37:23 TRACE ERREUR : 
#0 C:\Webosteo\htdocs\class\class_connexion.php(0): PDO->prepare('delete from not...')
#1 C:\Webosteo\htdocs\class\class_notification.php(0): Connexion->executeTraite('delete from not...')
#2 C:\Webosteo\htdocs\class\class_notification.php(0): Notification->read('Nolwenn')
#3 C:\Webosteo\htdocs\ajax\notification.php(0): Collection_Notification->readAll('Nolwenn')
#4 C:\Webosteo\htdocs\ajax\notification.php(2): sg_load('D5D1A63A6B6692D...')
#5 {main}
05/10/2025 19:37:23 ------ FIN ------

05/10/2025 19:37:23 ------ DEBUT ------
05/10/2025 19:37:23 SQLSTATE[HY000]: General error: 1 no such column: user
05/10/2025 19:37:23 Erreur sur la requête : delete from notification_histo where notification='676ebb93304ff' and user='Nolwenn'
05/10/2025 19:37:23 Paramètres : 
05/10/2025 19:37:23 URI : /ajax/notification.php
05/10/2025 19:37:23 FILENAME : /ajax/notification.php
05/10/2025 19:37:23 TRACE ERREUR : 
#0 C:\Webosteo\htdocs\class\class_connexion.php(0): PDO->prepare('delete from not...')
#1 C:\Webosteo\htdocs\class\class_notification.php(0): Connexion->executeTraite('delete from not...')
#2 C:\Webosteo\htdocs\class\class_notification.php(0): Notification->read('Nolwenn')
#3 C:\Webosteo\htdocs\ajax\notification.php(0): Collection_Notification->readAll('Nolwenn')
#4 C:\Webosteo\htdocs\ajax\notification.php(2): sg_load('D5D1A63A6B6692D...')
#5 {main}
05/10/2025 19:37:23 ------ FIN ------

05/10/2025 19:37:23 ------ DEBUT ------
05/10/2025 19:37:23 SQLSTATE[HY000]: General error: 1 no such column: user
05/10/2025 19:37:23 Erreur sur la requête : delete from notification_histo where notification='676fcade1895f' and user='Nolwenn'
05/10/2025 19:37:23 Paramètres : 
05/10/2025 19:37:23 URI : /ajax/notification.php
05/10/2025 19:37:23 FILENAME : /ajax/notification.php
05/10/2025 19:37:23 TRACE ERREUR : 
#0 C:\Webosteo\htdocs\class\class_connexion.php(0): PDO->prepare('delete from not...')
#1 C:\Webosteo\htdocs\class\class_notification.php(0): Connexion->executeTraite('delete from not...')
#2 C:\Webosteo\htdocs\class\class_notification.php(0): Notification->read('Nolwenn')
#3 C:\Webosteo\htdocs\ajax\notification.php(0): Collection_Notification->readAll('Nolwenn')
#4 C:\Webosteo\htdocs\ajax\notification.php(2): sg_load('D5D1A63A6B6692D...')
#5 {main}
05/10/2025 19:37:23 ------ FIN ------

05/10/2025 19:37:23 ------ DEBUT ------
05/10/2025 19:37:23 SQLSTATE[HY000]: General error: 1 no such column: user
05/10/2025 19:37:23 Erreur sur la requête : delete from notification_histo where notification='676fcadeb8b60' and user='Nolwenn'
05/10/2025 19:37:23 Paramètres : 
05/10/2025 19:37:23 URI : /ajax/notification.php
05/10/2025 19:37:23 FILENAME : /ajax/notification.php
05/10/2025 19:37:23 TRACE ERREUR : 
#0 C:\Webosteo\htdocs\class\class_connexion.php(0): PDO->prepare('delete from not...')
#1 C:\Webosteo\htdocs\class\class_notification.php(0): Connexion->executeTraite('delete from not...')
#2 C:\Webosteo\htdocs\class\class_notification.php(0): Notification->read('Nolwenn')
#3 C:\Webosteo\htdocs\ajax\notification.php(0): Collection_Notification->readAll('Nolwenn')
#4 C:\Webosteo\htdocs\ajax\notification.php(2): sg_load('D5D1A63A6B6692D...')
#5 {main}
05/10/2025 19:37:23 ------ FIN ------

05/10/2025 19:37:23 ------ DEBUT ------
05/10/2025 19:37:23 SQLSTATE[HY000]: General error: 1 no such column: user
05/10/2025 19:37:23 Erreur sur la requête : delete from notification_histo where notification='67728cf42b783' and user='Nolwenn'
05/10/2025 19:37:23 Paramètres : 
05/10/2025 19:37:23 URI : /ajax/notification.php
05/10/2025 19:37:23 FILENAME : /ajax/notification.php
05/10/2025 19:37:23 TRACE ERREUR : 
#0 C:\Webosteo\htdocs\class\class_connexion.php(0): PDO->prepare('delete from not...')
#1 C:\Webosteo\htdocs\class\class_notification.php(0): Connexion->executeTraite('delete from not...')
#2 C:\Webosteo\htdocs\class\class_notification.php(0): Notification->read('Nolwenn')
#3 C:\Webosteo\htdocs\ajax\notification.php(0): Collection_Notification->readAll('Nolwenn')
#4 C:\Webosteo\htdocs\ajax\notification.php(2): sg_load('D5D1A63A6B6692D...')
#5 {main}
05/10/2025 19:37:23 ------ FIN ------

05/10/2025 19:37:23 ------ DEBUT ------
05/10/2025 19:37:23 SQLSTATE[HY000]: General error: 1 no such column: user
05/10/2025 19:37:23 Erreur sur la requête : delete from notification_histo where notification='67728cf43db34' and user='Nolwenn'
05/10/2025 19:37:23 Paramètres : 
05/10/2025 19:37:23 URI : /ajax/notification.php
05/10/2025 19:37:23 FILENAME : /ajax/notification.php
05/10/2025 19:37:23 TRACE ERREUR : 
#0 C:\Webosteo\htdocs\class\class_connexion.php(0): PDO->prepare('delete from not...')
#1 C:\Webosteo\htdocs\class\class_notification.php(0): Connexion->executeTraite('delete from not...')
#2 C:\Webosteo\htdocs\class\class_notification.php(0): Notification->read('Nolwenn')
#3 C:\Webosteo\htdocs\ajax\notification.php(0): Collection_Notification->readAll('Nolwenn')
#4 C:\Webosteo\htdocs\ajax\notification.php(2): sg_load('D5D1A63A6B6692D...')
#5 {main}
05/10/2025 19:37:23 ------ FIN ------

05/10/2025 19:37:23 ------ DEBUT ------
05/10/2025 19:37:23 SQLSTATE[HY000]: General error: 1 no such column: user
05/10/2025 19:37:23 Erreur sur la requête : delete from notification_histo where notification='6773aef71db76' and user='Nolwenn'
05/10/2025 19:37:23 Paramètres : 
05/10/2025 19:37:23 URI : /ajax/notification.php
05/10/2025 19:37:23 FILENAME : /ajax/notification.php
05/10/2025 19:37:23 TRACE ERREUR : 
#0 C:\Webosteo\htdocs\class\class_connexion.php(0): PDO->prepare('delete from not...')
#1 C:\Webosteo\htdocs\class\class_notification.php(0): Connexion->executeTraite('delete from not...')
#2 C:\Webosteo\htdocs\class\class_notification.php(0): Notification->read('Nolwenn')
#3 C:\Webosteo\htdocs\ajax\notification.php(0): Collection_Notification->readAll('Nolwenn')
#4 C:\Webosteo\htdocs\ajax\notification.php(2): sg_load('D5D1A63A6B6692D...')
#5 {main}
05/10/2025 19:37:23 ------ FIN ------

05/10/2025 19:37:23 ------ DEBUT ------
05/10/2025 19:37:23 SQLSTATE[HY000]: General error: 1 no such column: user
05/10/2025 19:37:23 Erreur sur la requête : delete from notification_histo where notification='6773aef7b9b75' and user='Nolwenn'
05/10/2025 19:37:23 Paramètres : 
05/10/2025 19:37:23 URI : /ajax/notification.php
05/10/2025 19:37:23 FILENAME : /ajax/notification.php
05/10/2025 19:37:23 TRACE ERREUR : 
#0 C:\Webosteo\htdocs\class\class_connexion.php(0): PDO->prepare('delete from not...')
#1 C:\Webosteo\htdocs\class\class_notification.php(0): Connexion->executeTraite('delete from not...')
#2 C:\Webosteo\htdocs\class\class_notification.php(0): Notification->read('Nolwenn')
#3 C:\Webosteo\htdocs\ajax\notification.php(0): Collection_Notification->readAll('Nolwenn')
#4 C:\Webosteo\htdocs\ajax\notification.php(2): sg_load('D5D1A63A6B6692D...')
#5 {main}
05/10/2025 19:37:23 ------ FIN ------

05/10/2025 19:37:23 ------ DEBUT ------
05/10/2025 19:37:23 SQLSTATE[HY000]: General error: 1 no such column: user
05/10/2025 19:37:23 Erreur sur la requête : delete from notification_histo where notification='677649f1be8e1' and user='Nolwenn'
05/10/2025 19:37:23 Paramètres : 
05/10/2025 19:37:23 URI : /ajax/notification.php
05/10/2025 19:37:23 FILENAME : /ajax/notification.php
05/10/2025 19:37:23 TRACE ERREUR : 
#0 C:\Webosteo\htdocs\class\class_connexion.php(0): PDO->prepare('delete from not...')
#1 C:\Webosteo\htdocs\class\class_notification.php(0): Connexion->executeTraite('delete from not...')
#2 C:\Webosteo\htdocs\class\class_notification.php(0): Notification->read('Nolwenn')
#3 C:\Webosteo\htdocs\ajax\notification.php(0): Collection_Notification->readAll('Nolwenn')
#4 C:\Webosteo\htdocs\ajax\notification.php(2): sg_load('D5D1A63A6B6692D...')
#5 {main}
05/10/2025 19:37:23 ------ FIN ------

05/10/2025 19:37:23 ------ DEBUT ------
05/10/2025 19:37:23 SQLSTATE[HY000]: General error: 1 no such column: user
05/10/2025 19:37:23 Erreur sur la requête : delete from notification_histo where notification='677649f2665f6' and user='Nolwenn'
05/10/2025 19:37:23 Paramètres : 
05/10/2025 19:37:23 URI : /ajax/notification.php
05/10/2025 19:37:23 FILENAME : /ajax/notification.php
05/10/2025 19:37:23 TRACE ERREUR : 
#0 C:\Webosteo\htdocs\class\class_connexion.php(0): PDO->prepare('delete from not...')
#1 C:\Webosteo\htdocs\class\class_notification.php(0): Connexion->executeTraite('delete from not...')
#2 C:\Webosteo\htdocs\class\class_notification.php(0): Notification->read('Nolwenn')
#3 C:\Webosteo\htdocs\ajax\notification.php(0): Collection_Notification->readAll('Nolwenn')
#4 C:\Webosteo\htdocs\ajax\notification.php(2): sg_load('D5D1A63A6B6692D...')
#5 {main}
05/10/2025 19:37:23 ------ FIN ------

05/10/2025 19:37:23 ------ DEBUT ------
05/10/2025 19:37:23 SQLSTATE[HY000]: General error: 1 no such column: user
05/10/2025 19:37:23 Erreur sur la requête : delete from notification_histo where notification='6777a8c801322' and user='Nolwenn'
05/10/2025 19:37:23 Paramètres : 
05/10/2025 19:37:23 URI : /ajax/notification.php
05/10/2025 19:37:23 FILENAME : /ajax/notification.php
05/10/2025 19:37:23 TRACE ERREUR : 
#0 C:\Webosteo\htdocs\class\class_connexion.php(0): PDO->prepare('delete from not...')
#1 C:\Webosteo\htdocs\class\class_notification.php(0): Connexion->executeTraite('delete from not...')
#2 C:\Webosteo\htdocs\class\class_notification.php(0): Notification->read('Nolwenn')
#3 C:\Webosteo\htdocs\ajax\notification.php(0): Collection_Notification->readAll('Nolwenn')
#4 C:\Webosteo\htdocs\ajax\notification.php(2): sg_load('D5D1A63A6B6692D...')
#5 {main}
05/10/2025 19:37:23 ------ FIN ------

05/10/2025 19:37:23 ------ DEBUT ------
05/10/2025 19:37:23 SQLSTATE[HY000]: General error: 1 no such column: user
05/10/2025 19:37:23 Erreur sur la requête : delete from notification_histo where notification='6777a8c836242' and user='Nolwenn'
05/10/2025 19:37:23 Paramètres : 
05/10/2025 19:37:23 URI : /ajax/notification.php
05/10/2025 19:37:23 FILENAME : /ajax/notification.php
05/10/2025 19:37:23 TRACE ERREUR : 
#0 C:\Webosteo\htdocs\class\class_connexion.php(0): PDO->prepare('delete from not...')
#1 C:\Webosteo\htdocs\class\class_notification.php(0): Connexion->executeTraite('delete from not...')
#2 C:\Webosteo\htdocs\class\class_notification.php(0): Notification->read('Nolwenn')
#3 C:\Webosteo\htdocs\ajax\notification.php(0): Collection_Notification->readAll('Nolwenn')
#4 C:\Webosteo\htdocs\ajax\notification.php(2): sg_load('D5D1A63A6B6692D...')
#5 {main}
05/10/2025 19:37:23 ------ FIN ------

05/10/2025 19:37:23 ------ DEBUT ------
05/10/2025 19:37:23 SQLSTATE[HY000]: General error: 1 no such column: user
05/10/2025 19:37:23 Erreur sur la requête : delete from notification_histo where notification='6778eaef0e878' and user='Nolwenn'
05/10/2025 19:37:23 Paramètres : 
05/10/2025 19:37:23 URI : /ajax/notification.php
05/10/2025 19:37:23 FILENAME : /ajax/notification.php
05/10/2025 19:37:23 TRACE ERREUR : 
#0 C:\Webosteo\htdocs\class\class_connexion.php(0): PDO->prepare('delete from not...')
#1 C:\Webosteo\htdocs\class\class_notification.php(0): Connexion->executeTraite('delete from not...')
#2 C:\Webosteo\htdocs\class\class_notification.php(0): Notification->read('Nolwenn')
#3 C:\Webosteo\htdocs\ajax\notification.php(0): Collection_Notification->readAll('Nolwenn')
#4 C:\Webosteo\htdocs\ajax\notification.php(2): sg_load('D5D1A63A6B6692D...')
#5 {main}
05/10/2025 19:37:23 ------ FIN ------

05/10/2025 19:37:23 ------ DEBUT ------
05/10/2025 19:37:23 SQLSTATE[HY000]: General error: 1 no such column: user
05/10/2025 19:37:23 Erreur sur la requête : delete from notification_histo where notification='6778eaefadfcf' and user='Nolwenn'
05/10/2025 19:37:23 Paramètres : 
05/10/2025 19:37:23 URI : /ajax/notification.php
05/10/2025 19:37:23 FILENAME : /ajax/notification.php
05/10/2025 19:37:23 TRACE ERREUR : 
#0 C:\Webosteo\htdocs\class\class_connexion.php(0): PDO->prepare('delete from not...')
#1 C:\Webosteo\htdocs\class\class_notification.php(0): Connexion->executeTraite('delete from not...')
#2 C:\Webosteo\htdocs\class\class_notification.php(0): Notification->read('Nolwenn')
#3 C:\Webosteo\htdocs\ajax\notification.php(0): Collection_Notification->readAll('Nolwenn')
#4 C:\Webosteo\htdocs\ajax\notification.php(2): sg_load('D5D1A63A6B6692D...')
#5 {main}
05/10/2025 19:37:23 ------ FIN ------

05/10/2025 19:37:23 ------ DEBUT ------
05/10/2025 19:37:23 SQLSTATE[HY000]: General error: 1 no such column: user
05/10/2025 19:37:23 Erreur sur la requête : delete from notification_histo where notification='677b9c84f307f' and user='Nolwenn'
05/10/2025 19:37:23 Paramètres : 
05/10/2025 19:37:23 URI : /ajax/notification.php
05/10/2025 19:37:23 FILENAME : /ajax/notification.php
05/10/2025 19:37:23 TRACE ERREUR : 
#0 C:\Webosteo\htdocs\class\class_connexion.php(0): PDO->prepare('delete from not...')
#1 C:\Webosteo\htdocs\class\class_notification.php(0): Connexion->executeTraite('delete from not...')
#2 C:\Webosteo\htdocs\class\class_notification.php(0): Notification->read('Nolwenn')
#3 C:\Webosteo\htdocs\ajax\notification.php(0): Collection_Notification->readAll('Nolwenn')
#4 C:\Webosteo\htdocs\ajax\notification.php(2): sg_load('D5D1A63A6B6692D...')
#5 {main}
05/10/2025 19:37:23 ------ FIN ------

05/10/2025 19:37:23 ------ DEBUT ------
05/10/2025 19:37:23 SQLSTATE[HY000]: General error: 1 no such column: user
05/10/2025 19:37:23 Erreur sur la requête : delete from notification_histo where notification='677b9c8599c08' and user='Nolwenn'
05/10/2025 19:37:23 Paramètres : 
05/10/2025 19:37:23 URI : /ajax/notification.php
05/10/2025 19:37:23 FILENAME : /ajax/notification.php
05/10/2025 19:37:23 TRACE ERREUR : 
#0 C:\Webosteo\htdocs\class\class_connexion.php(0): PDO->prepare('delete from not...')
#1 C:\Webosteo\htdocs\class\class_notification.php(0): Connexion->executeTraite('delete from not...')
#2 C:\Webosteo\htdocs\class\class_notification.php(0): Notification->read('Nolwenn')
#3 C:\Webosteo\htdocs\ajax\notification.php(0): Collection_Notification->readAll('Nolwenn')
#4 C:\Webosteo\htdocs\ajax\notification.php(2): sg_load('D5D1A63A6B6692D...')
#5 {main}
05/10/2025 19:37:23 ------ FIN ------

05/10/2025 19:37:23 ------ DEBUT ------
05/10/2025 19:37:23 SQLSTATE[HY000]: General error: 1 no such column: user
05/10/2025 19:37:23 Erreur sur la requête : delete from notification_histo where notification='677d192543af0' and user='Nolwenn'
05/10/2025 19:37:23 Paramètres : 
05/10/2025 19:37:23 URI : /ajax/notification.php
05/10/2025 19:37:23 FILENAME : /ajax/notification.php
05/10/2025 19:37:23 TRACE ERREUR : 
#0 C:\Webosteo\htdocs\class\class_connexion.php(0): PDO->prepare('delete from not...')
#1 C:\Webosteo\htdocs\class\class_notification.php(0): Connexion->executeTraite('delete from not...')
#2 C:\Webosteo\htdocs\class\class_notification.php(0): Notification->read('Nolwenn')
#3 C:\Webosteo\htdocs\ajax\notification.php(0): Collection_Notification->readAll('Nolwenn')
#4 C:\Webosteo\htdocs\ajax\notification.php(2): sg_load('D5D1A63A6B6692D...')
#5 {main}
05/10/2025 19:37:23 ------ FIN ------

05/10/2025 19:37:23 ------ DEBUT ------
05/10/2025 19:37:23 SQLSTATE[HY000]: General error: 1 no such column: user
05/10/2025 19:37:23 Erreur sur la requête : delete from notification_histo where notification='677d1926877ed' and user='Nolwenn'
05/10/2025 19:37:23 Paramètres : 
05/10/2025 19:37:23 URI : /ajax/notification.php
05/10/2025 19:37:23 FILENAME : /ajax/notification.php
05/10/2025 19:37:23 TRACE ERREUR : 
#0 C:\Webosteo\htdocs\class\class_connexion.php(0): PDO->prepare('delete from not...')
#1 C:\Webosteo\htdocs\class\class_notification.php(0): Connexion->executeTraite('delete from not...')
#2 C:\Webosteo\htdocs\class\class_notification.php(0): Notification->read('Nolwenn')
#3 C:\Webosteo\htdocs\ajax\notification.php(0): Collection_Notification->readAll('Nolwenn')
#4 C:\Webosteo\htdocs\ajax\notification.php(2): sg_load('D5D1A63A6B6692D...')
#5 {main}
05/10/2025 19:37:23 ------ FIN ------

05/10/2025 19:37:23 ------ DEBUT ------
05/10/2025 19:37:23 SQLSTATE[HY000]: General error: 1 no such column: user
05/10/2025 19:37:23 Erreur sur la requête : delete from notification_histo where notification='677e339abe139' and user='Nolwenn'
05/10/2025 19:37:23 Paramètres : 
05/10/2025 19:37:23 URI : /ajax/notification.php
05/10/2025 19:37:23 FILENAME : /ajax/notification.php
05/10/2025 19:37:23 TRACE ERREUR : 
#0 C:\Webosteo\htdocs\class\class_connexion.php(0): PDO->prepare('delete from not...')
#1 C:\Webosteo\htdocs\class\class_notification.php(0): Connexion->executeTraite('delete from not...')
#2 C:\Webosteo\htdocs\class\class_notification.php(0): Notification->read('Nolwenn')
#3 C:\Webosteo\htdocs\ajax\notification.php(0): Collection_Notification->readAll('Nolwenn')
#4 C:\Webosteo\htdocs\ajax\notification.php(2): sg_load('D5D1A63A6B6692D...')
#5 {main}
05/10/2025 19:37:23 ------ FIN ------

05/10/2025 19:37:23 ------ DEBUT ------
05/10/2025 19:37:23 SQLSTATE[HY000]: General error: 1 no such column: user
05/10/2025 19:37:23 Erreur sur la requête : delete from notification_histo where notification='677e339b300a3' and user='Nolwenn'
05/10/2025 19:37:23 Paramètres : 
05/10/2025 19:37:23 URI : /ajax/notification.php
05/10/2025 19:37:23 FILENAME : /ajax/notification.php
05/10/2025 19:37:23 TRACE ERREUR : 
#0 C:\Webosteo\htdocs\class\class_connexion.php(0): PDO->prepare('delete from not...')
#1 C:\Webosteo\htdocs\class\class_notification.php(0): Connexion->executeTraite('delete from not...')
#2 C:\Webosteo\htdocs\class\class_notification.php(0): Notification->read('Nolwenn')
#3 C:\Webosteo\htdocs\ajax\notification.php(0): Collection_Notification->readAll('Nolwenn')
#4 C:\Webosteo\htdocs\ajax\notification.php(2): sg_load('D5D1A63A6B6692D...')
#5 {main}
05/10/2025 19:37:23 ------ FIN ------

05/10/2025 19:37:23 ------ DEBUT ------
05/10/2025 19:37:23 SQLSTATE[HY000]: General error: 1 no such column: user
05/10/2025 19:37:23 Erreur sur la requête : delete from notification_histo where notification='677f824e120dd' and user='Nolwenn'
05/10/2025 19:37:23 Paramètres : 
05/10/2025 19:37:23 URI : /ajax/notification.php
05/10/2025 19:37:23 FILENAME : /ajax/notification.php
05/10/2025 19:37:23 TRACE ERREUR : 
#0 C:\Webosteo\htdocs\class\class_connexion.php(0): PDO->prepare('delete from not...')
#1 C:\Webosteo\htdocs\class\class_notification.php(0): Connexion->executeTraite('delete from not...')
#2 C:\Webosteo\htdocs\class\class_notification.php(0): Notification->read('Nolwenn')
#3 C:\Webosteo\htdocs\ajax\notification.php(0): Collection_Notification->readAll('Nolwenn')
#4 C:\Webosteo\htdocs\ajax\notification.php(2): sg_load('D5D1A63A6B6692D...')
#5 {main}
05/10/2025 19:37:23 ------ FIN ------

05/10/2025 19:37:23 ------ DEBUT ------
05/10/2025 19:37:23 SQLSTATE[HY000]: General error: 1 no such column: user
05/10/2025 19:37:23 Erreur sur la requête : delete from notification_histo where notification='677f824eb22d2' and user='Nolwenn'
05/10/2025 19:37:23 Paramètres : 
05/10/2025 19:37:23 URI : /ajax/notification.php
05/10/2025 19:37:23 FILENAME : /ajax/notification.php
05/10/2025 19:37:23 TRACE ERREUR : 
#0 C:\Webosteo\htdocs\class\class_connexion.php(0): PDO->prepare('delete from not...')
#1 C:\Webosteo\htdocs\class\class_notification.php(0): Connexion->executeTraite('delete from not...')
#2 C:\Webosteo\htdocs\class\class_notification.php(0): Notification->read('Nolwenn')
#3 C:\Webosteo\htdocs\ajax\notification.php(0): Collection_Notification->readAll('Nolwenn')
#4 C:\Webosteo\htdocs\ajax\notification.php(2): sg_load('D5D1A63A6B6692D...')
#5 {main}
05/10/2025 19:37:23 ------ FIN ------

05/10/2025 19:37:23 ------ DEBUT ------
05/10/2025 19:37:23 SQLSTATE[HY000]: General error: 1 no such column: user
05/10/2025 19:37:23 Erreur sur la requête : delete from notification_histo where notification='6780e2e443502' and user='Nolwenn'
05/10/2025 19:37:23 Paramètres : 
05/10/2025 19:37:23 URI : /ajax/notification.php
05/10/2025 19:37:23 FILENAME : /ajax/notification.php
05/10/2025 19:37:23 TRACE ERREUR : 
#0 C:\Webosteo\htdocs\class\class_connexion.php(0): PDO->prepare('delete from not...')
#1 C:\Webosteo\htdocs\class\class_notification.php(0): Connexion->executeTraite('delete from not...')
#2 C:\Webosteo\htdocs\class\class_notification.php(0): Notification->read('Nolwenn')
#3 C:\Webosteo\htdocs\ajax\notification.php(0): Collection_Notification->readAll('Nolwenn')
#4 C:\Webosteo\htdocs\ajax\notification.php(2): sg_load('D5D1A63A6B6692D...')
#5 {main}
05/10/2025 19:37:23 ------ FIN ------

05/10/2025 19:37:23 ------ DEBUT ------
05/10/2025 19:37:23 SQLSTATE[HY000]: General error: 1 no such column: user
05/10/2025 19:37:23 Erreur sur la requête : delete from notification_histo where notification='6780e2e4e2625' and user='Nolwenn'
05/10/2025 19:37:23 Paramètres : 
05/10/2025 19:37:23 URI : /ajax/notification.php
05/10/2025 19:37:23 FILENAME : /ajax/notification.php
05/10/2025 19:37:23 TRACE ERREUR : 
#0 C:\Webosteo\htdocs\class\class_connexion.php(0): PDO->prepare('delete from not...')
#1 C:\Webosteo\htdocs\class\class_notification.php(0): Connexion->executeTraite('delete from not...')
#2 C:\Webosteo\htdocs\class\class_notification.php(0): Notification->read('Nolwenn')
#3 C:\Webosteo\htdocs\ajax\notification.php(0): Collection_Notification->readAll('Nolwenn')
#4 C:\Webosteo\htdocs\ajax\notification.php(2): sg_load('D5D1A63A6B6692D...')
#5 {main}
05/10/2025 19:37:23 ------ FIN ------

05/10/2025 19:37:23 ------ DEBUT ------
05/10/2025 19:37:23 SQLSTATE[HY000]: General error: 1 no such column: user
05/10/2025 19:37:23 Erreur sur la requête : delete from notification_histo where notification='6784d5d158cfa' and user='Nolwenn'
05/10/2025 19:37:23 Paramètres : 
05/10/2025 19:37:23 URI : /ajax/notification.php
05/10/2025 19:37:23 FILENAME : /ajax/notification.php
05/10/2025 19:37:23 TRACE ERREUR : 
#0 C:\Webosteo\htdocs\class\class_connexion.php(0): PDO->prepare('delete from not...')
#1 C:\Webosteo\htdocs\class\class_notification.php(0): Connexion->executeTraite('delete from not...')
#2 C:\Webosteo\htdocs\class\class_notification.php(0): Notification->read('Nolwenn')
#3 C:\Webosteo\htdocs\ajax\notification.php(0): Collection_Notification->readAll('Nolwenn')
#4 C:\Webosteo\htdocs\ajax\notification.php(2): sg_load('D5D1A63A6B6692D...')
#5 {main}
05/10/2025 19:37:23 ------ FIN ------

05/10/2025 19:37:23 ------ DEBUT ------
05/10/2025 19:37:23 SQLSTATE[HY000]: General error: 1 no such column: user
05/10/2025 19:37:23 Erreur sur la requête : delete from notification_histo where notification='6784d5d2199df' and user='Nolwenn'
05/10/2025 19:37:23 Paramètres : 
05/10/2025 19:37:23 URI : /ajax/notification.php
05/10/2025 19:37:23 FILENAME : /ajax/notification.php
05/10/2025 19:37:23 TRACE ERREUR : 
#0 C:\Webosteo\htdocs\class\class_connexion.php(0): PDO->prepare('delete from not...')
#1 C:\Webosteo\htdocs\class\class_notification.php(0): Connexion->executeTraite('delete from not...')
#2 C:\Webosteo\htdocs\class\class_notification.php(0): Notification->read('Nolwenn')
#3 C:\Webosteo\htdocs\ajax\notification.php(0): Collection_Notification->readAll('Nolwenn')
#4 C:\Webosteo\htdocs\ajax\notification.php(2): sg_load('D5D1A63A6B6692D...')
#5 {main}
05/10/2025 19:37:23 ------ FIN ------

05/10/2025 19:37:23 ------ DEBUT ------
05/10/2025 19:37:23 SQLSTATE[HY000]: General error: 1 no such column: user
05/10/2025 19:37:23 Erreur sur la requête : delete from notification_histo where notification='67876df841b64' and user='Nolwenn'
05/10/2025 19:37:23 Paramètres : 
05/10/2025 19:37:23 URI : /ajax/notification.php
05/10/2025 19:37:23 FILENAME : /ajax/notification.php
05/10/2025 19:37:23 TRACE ERREUR : 
#0 C:\Webosteo\htdocs\class\class_connexion.php(0): PDO->prepare('delete from not...')
#1 C:\Webosteo\htdocs\class\class_notification.php(0): Connexion->executeTraite('delete from not...')
#2 C:\Webosteo\htdocs\class\class_notification.php(0): Notification->read('Nolwenn')
#3 C:\Webosteo\htdocs\ajax\notification.php(0): Collection_Notification->readAll('Nolwenn')
#4 C:\Webosteo\htdocs\ajax\notification.php(2): sg_load('D5D1A63A6B6692D...')
#5 {main}
05/10/2025 19:37:23 ------ FIN ------

05/10/2025 19:37:23 ------ DEBUT ------
05/10/2025 19:37:23 SQLSTATE[HY000]: General error: 1 no such column: user
05/10/2025 19:37:23 Erreur sur la requête : delete from notification_histo where notification='67876df8dee65' and user='Nolwenn'
05/10/2025 19:37:23 Paramètres : 
05/10/2025 19:37:23 URI : /ajax/notification.php
05/10/2025 19:37:23 FILENAME : /ajax/notification.php
05/10/2025 19:37:23 TRACE ERREUR : 
#0 C:\Webosteo\htdocs\class\class_connexion.php(0): PDO->prepare('delete from not...')
#1 C:\Webosteo\htdocs\class\class_notification.php(0): Connexion->executeTraite('delete from not...')
#2 C:\Webosteo\htdocs\class\class_notification.php(0): Notification->read('Nolwenn')
#3 C:\Webosteo\htdocs\ajax\notification.php(0): Collection_Notification->readAll('Nolwenn')
#4 C:\Webosteo\htdocs\ajax\notification.php(2): sg_load('D5D1A63A6B6692D...')
#5 {main}
05/10/2025 19:37:23 ------ FIN ------

05/10/2025 19:37:23 ------ DEBUT ------
05/10/2025 19:37:23 SQLSTATE[HY000]: General error: 1 no such column: user
05/10/2025 19:37:23 Erreur sur la requête : delete from notification_histo where notification='6788be4b179fb' and user='Nolwenn'
05/10/2025 19:37:23 Paramètres : 
05/10/2025 19:37:23 URI : /ajax/notification.php
05/10/2025 19:37:23 FILENAME : /ajax/notification.php
05/10/2025 19:37:23 TRACE ERREUR : 
#0 C:\Webosteo\htdocs\class\class_connexion.php(0): PDO->prepare('delete from not...')
#1 C:\Webosteo\htdocs\class\class_notification.php(0): Connexion->executeTraite('delete from not...')
#2 C:\Webosteo\htdocs\class\class_notification.php(0): Notification->read('Nolwenn')
#3 C:\Webosteo\htdocs\ajax\notification.php(0): Collection_Notification->readAll('Nolwenn')
#4 C:\Webosteo\htdocs\ajax\notification.php(2): sg_load('D5D1A63A6B6692D...')
#5 {main}
05/10/2025 19:37:23 ------ FIN ------

05/10/2025 19:37:23 ------ DEBUT ------
05/10/2025 19:37:23 SQLSTATE[HY000]: General error: 1 no such column: user
05/10/2025 19:37:23 Erreur sur la requête : delete from notification_histo where notification='6788be4b9bbe0' and user='Nolwenn'
05/10/2025 19:37:23 Paramètres : 
05/10/2025 19:37:23 URI : /ajax/notification.php
05/10/2025 19:37:23 FILENAME : /ajax/notification.php
05/10/2025 19:37:23 TRACE ERREUR : 
#0 C:\Webosteo\htdocs\class\class_connexion.php(0): PDO->prepare('delete from not...')
#1 C:\Webosteo\htdocs\class\class_notification.php(0): Connexion->executeTraite('delete from not...')
#2 C:\Webosteo\htdocs\class\class_notification.php(0): Notification->read('Nolwenn')
#3 C:\Webosteo\htdocs\ajax\notification.php(0): Collection_Notification->readAll('Nolwenn')
#4 C:\Webosteo\htdocs\ajax\notification.php(2): sg_load('D5D1A63A6B6692D...')
#5 {main}
05/10/2025 19:37:23 ------ FIN ------

05/10/2025 19:37:23 ------ DEBUT ------
05/10/2025 19:37:23 SQLSTATE[HY000]: General error: 1 no such column: user
05/10/2025 19:37:23 Erreur sur la requête : delete from notification_histo where notification='678a1c022a69b' and user='Nolwenn'
05/10/2025 19:37:23 Paramètres : 
05/10/2025 19:37:23 URI : /ajax/notification.php
05/10/2025 19:37:23 FILENAME : /ajax/notification.php
05/10/2025 19:37:23 TRACE ERREUR : 
#0 C:\Webosteo\htdocs\class\class_connexion.php(0): PDO->prepare('delete from not...')
#1 C:\Webosteo\htdocs\class\class_notification.php(0): Connexion->executeTraite('delete from not...')
#2 C:\Webosteo\htdocs\class\class_notification.php(0): Notification->read('Nolwenn')
#3 C:\Webosteo\htdocs\ajax\notification.php(0): Collection_Notification->readAll('Nolwenn')
#4 C:\Webosteo\htdocs\ajax\notification.php(2): sg_load('D5D1A63A6B6692D...')
#5 {main}
05/10/2025 19:37:23 ------ FIN ------

05/10/2025 19:37:23 ------ DEBUT ------
05/10/2025 19:37:23 SQLSTATE[HY000]: General error: 1 no such column: user
05/10/2025 19:37:23 Erreur sur la requête : delete from notification_histo where notification='678a1c02c5402' and user='Nolwenn'
05/10/2025 19:37:23 Paramètres : 
05/10/2025 19:37:23 URI : /ajax/notification.php
05/10/2025 19:37:23 FILENAME : /ajax/notification.php
05/10/2025 19:37:23 TRACE ERREUR : 
#0 C:\Webosteo\htdocs\class\class_connexion.php(0): PDO->prepare('delete from not...')
#1 C:\Webosteo\htdocs\class\class_notification.php(0): Connexion->executeTraite('delete from not...')
#2 C:\Webosteo\htdocs\class\class_notification.php(0): Notification->read('Nolwenn')
#3 C:\Webosteo\htdocs\ajax\notification.php(0): Collection_Notification->readAll('Nolwenn')
#4 C:\Webosteo\htdocs\ajax\notification.php(2): sg_load('D5D1A63A6B6692D...')
#5 {main}
05/10/2025 19:37:23 ------ FIN ------

05/10/2025 19:37:23 ------ DEBUT ------
05/10/2025 19:37:23 SQLSTATE[HY000]: General error: 1 no such column: user
05/10/2025 19:37:23 Erreur sur la requête : delete from notification_histo where notification='678a85339e9fa' and user='Nolwenn'
05/10/2025 19:37:23 Paramètres : 
05/10/2025 19:37:23 URI : /ajax/notification.php
05/10/2025 19:37:23 FILENAME : /ajax/notification.php
05/10/2025 19:37:23 TRACE ERREUR : 
#0 C:\Webosteo\htdocs\class\class_connexion.php(0): PDO->prepare('delete from not...')
#1 C:\Webosteo\htdocs\class\class_notification.php(0): Connexion->executeTraite('delete from not...')
#2 C:\Webosteo\htdocs\class\class_notification.php(0): Notification->read('Nolwenn')
#3 C:\Webosteo\htdocs\ajax\notification.php(0): Collection_Notification->readAll('Nolwenn')
#4 C:\Webosteo\htdocs\ajax\notification.php(2): sg_load('D5D1A63A6B6692D...')
#5 {main}
05/10/2025 19:37:23 ------ FIN ------

05/10/2025 19:37:23 ------ DEBUT ------
05/10/2025 19:37:23 SQLSTATE[HY000]: General error: 1 no such column: user
05/10/2025 19:37:23 Erreur sur la requête : delete from notification_histo where notification='678a8534534bd' and user='Nolwenn'
05/10/2025 19:37:23 Paramètres : 
05/10/2025 19:37:23 URI : /ajax/notification.php
05/10/2025 19:37:23 FILENAME : /ajax/notification.php
05/10/2025 19:37:23 TRACE ERREUR : 
#0 C:\Webosteo\htdocs\class\class_connexion.php(0): PDO->prepare('delete from not...')
#1 C:\Webosteo\htdocs\class\class_notification.php(0): Connexion->executeTraite('delete from not...')
#2 C:\Webosteo\htdocs\class\class_notification.php(0): Notification->read('Nolwenn')
#3 C:\Webosteo\htdocs\ajax\notification.php(0): Collection_Notification->readAll('Nolwenn')
#4 C:\Webosteo\htdocs\ajax\notification.php(2): sg_load('D5D1A63A6B6692D...')
#5 {main}
05/10/2025 19:37:23 ------ FIN ------

05/10/2025 19:37:23 ------ DEBUT ------
05/10/2025 19:37:23 SQLSTATE[HY000]: General error: 1 no such column: user
05/10/2025 19:37:23 Erreur sur la requête : delete from notification_histo where notification='678e11400565b' and user='Nolwenn'
05/10/2025 19:37:23 Paramètres : 
05/10/2025 19:37:23 URI : /ajax/notification.php
05/10/2025 19:37:23 FILENAME : /ajax/notification.php
05/10/2025 19:37:23 TRACE ERREUR : 
#0 C:\Webosteo\htdocs\class\class_connexion.php(0): PDO->prepare('delete from not...')
#1 C:\Webosteo\htdocs\class\class_notification.php(0): Connexion->executeTraite('delete from not...')
#2 C:\Webosteo\htdocs\class\class_notification.php(0): Notification->read('Nolwenn')
#3 C:\Webosteo\htdocs\ajax\notification.php(0): Collection_Notification->readAll('Nolwenn')
#4 C:\Webosteo\htdocs\ajax\notification.php(2): sg_load('D5D1A63A6B6692D...')
#5 {main}
05/10/2025 19:37:23 ------ FIN ------

05/10/2025 19:37:23 ------ DEBUT ------
05/10/2025 19:37:23 SQLSTATE[HY000]: General error: 1 no such column: user
05/10/2025 19:37:23 Erreur sur la requête : delete from notification_histo where notification='678e114096307' and user='Nolwenn'
05/10/2025 19:37:23 Paramètres : 
05/10/2025 19:37:23 URI : /ajax/notification.php
05/10/2025 19:37:23 FILENAME : /ajax/notification.php
05/10/2025 19:37:23 TRACE ERREUR : 
#0 C:\Webosteo\htdocs\class\class_connexion.php(0): PDO->prepare('delete from not...')
#1 C:\Webosteo\htdocs\class\class_notification.php(0): Connexion->executeTraite('delete from not...')
#2 C:\Webosteo\htdocs\class\class_notification.php(0): Notification->read('Nolwenn')
#3 C:\Webosteo\htdocs\ajax\notification.php(0): Collection_Notification->readAll('Nolwenn')
#4 C:\Webosteo\htdocs\ajax\notification.php(2): sg_load('D5D1A63A6B6692D...')
#5 {main}
05/10/2025 19:37:23 ------ FIN ------

05/10/2025 19:37:23 ------ DEBUT ------
05/10/2025 19:37:23 SQLSTATE[HY000]: General error: 1 no such column: user
05/10/2025 19:37:23 Erreur sur la requête : delete from notification_histo where notification='678f5616131a4' and user='Nolwenn'
05/10/2025 19:37:23 Paramètres : 
05/10/2025 19:37:23 URI : /ajax/notification.php
05/10/2025 19:37:23 FILENAME : /ajax/notification.php
05/10/2025 19:37:23 TRACE ERREUR : 
#0 C:\Webosteo\htdocs\class\class_connexion.php(0): PDO->prepare('delete from not...')
#1 C:\Webosteo\htdocs\class\class_notification.php(0): Connexion->executeTraite('delete from not...')
#2 C:\Webosteo\htdocs\class\class_notification.php(0): Notification->read('Nolwenn')
#3 C:\Webosteo\htdocs\ajax\notification.php(0): Collection_Notification->readAll('Nolwenn')
#4 C:\Webosteo\htdocs\ajax\notification.php(2): sg_load('D5D1A63A6B6692D...')
#5 {main}
05/10/2025 19:37:23 ------ FIN ------

05/10/2025 19:37:23 ------ DEBUT ------
05/10/2025 19:37:23 SQLSTATE[HY000]: General error: 1 no such column: user
05/10/2025 19:37:23 Erreur sur la requête : delete from notification_histo where notification='678f5616b797f' and user='Nolwenn'
05/10/2025 19:37:23 Paramètres : 
05/10/2025 19:37:23 URI : /ajax/notification.php
05/10/2025 19:37:23 FILENAME : /ajax/notification.php
05/10/2025 19:37:23 TRACE ERREUR : 
#0 C:\Webosteo\htdocs\class\class_connexion.php(0): PDO->prepare('delete from not...')
#1 C:\Webosteo\htdocs\class\class_notification.php(0): Connexion->executeTraite('delete from not...')
#2 C:\Webosteo\htdocs\class\class_notification.php(0): Notification->read('Nolwenn')
#3 C:\Webosteo\htdocs\ajax\notification.php(0): Collection_Notification->readAll('Nolwenn')
#4 C:\Webosteo\htdocs\ajax\notification.php(2): sg_load('D5D1A63A6B6692D...')
#5 {main}
05/10/2025 19:37:23 ------ FIN ------

05/10/2025 19:37:23 ------ DEBUT ------
05/10/2025 19:37:23 SQLSTATE[HY000]: General error: 1 no such column: user
05/10/2025 19:37:23 Erreur sur la requête : delete from notification_histo where notification='6790d17a33a5a' and user='Nolwenn'
05/10/2025 19:37:23 Paramètres : 
05/10/2025 19:37:23 URI : /ajax/notification.php
05/10/2025 19:37:23 FILENAME : /ajax/notification.php
05/10/2025 19:37:23 TRACE ERREUR : 
#0 C:\Webosteo\htdocs\class\class_connexion.php(0): PDO->prepare('delete from not...')
#1 C:\Webosteo\htdocs\class\class_notification.php(0): Connexion->executeTraite('delete from not...')
#2 C:\Webosteo\htdocs\class\class_notification.php(0): Notification->read('Nolwenn')
#3 C:\Webosteo\htdocs\ajax\notification.php(0): Collection_Notification->readAll('Nolwenn')
#4 C:\Webosteo\htdocs\ajax\notification.php(2): sg_load('D5D1A63A6B6692D...')
#5 {main}
05/10/2025 19:37:23 ------ FIN ------

05/10/2025 19:37:23 ------ DEBUT ------
05/10/2025 19:37:23 SQLSTATE[HY000]: General error: 1 no such column: user
05/10/2025 19:37:23 Erreur sur la requête : delete from notification_histo where notification='6790d17ad39f1' and user='Nolwenn'
05/10/2025 19:37:23 Paramètres : 
05/10/2025 19:37:23 URI : /ajax/notification.php
05/10/2025 19:37:23 FILENAME : /ajax/notification.php
05/10/2025 19:37:23 TRACE ERREUR : 
#0 C:\Webosteo\htdocs\class\class_connexion.php(0): PDO->prepare('delete from not...')
#1 C:\Webosteo\htdocs\class\class_notification.php(0): Connexion->executeTraite('delete from not...')
#2 C:\Webosteo\htdocs\class\class_notification.php(0): Notification->read('Nolwenn')
#3 C:\Webosteo\htdocs\ajax\notification.php(0): Collection_Notification->readAll('Nolwenn')
#4 C:\Webosteo\htdocs\ajax\notification.php(2): sg_load('D5D1A63A6B6692D...')
#5 {main}
05/10/2025 19:37:23 ------ FIN ------

05/10/2025 19:37:23 ------ DEBUT ------
05/10/2025 19:37:23 SQLSTATE[HY000]: General error: 1 no such column: user
05/10/2025 19:37:23 Erreur sur la requête : delete from notification_histo where notification='6791f84c12c1e' and user='Nolwenn'
05/10/2025 19:37:23 Paramètres : 
05/10/2025 19:37:23 URI : /ajax/notification.php
05/10/2025 19:37:23 FILENAME : /ajax/notification.php
05/10/2025 19:37:23 TRACE ERREUR : 
#0 C:\Webosteo\htdocs\class\class_connexion.php(0): PDO->prepare('delete from not...')
#1 C:\Webosteo\htdocs\class\class_notification.php(0): Connexion->executeTraite('delete from not...')
#2 C:\Webosteo\htdocs\class\class_notification.php(0): Notification->read('Nolwenn')
#3 C:\Webosteo\htdocs\ajax\notification.php(0): Collection_Notification->readAll('Nolwenn')
#4 C:\Webosteo\htdocs\ajax\notification.php(2): sg_load('D5D1A63A6B6692D...')
#5 {main}
05/10/2025 19:37:23 ------ FIN ------

05/10/2025 19:37:23 ------ DEBUT ------
05/10/2025 19:37:23 SQLSTATE[HY000]: General error: 1 no such column: user
05/10/2025 19:37:23 Erreur sur la requête : delete from notification_histo where notification='6791f84cb36dc' and user='Nolwenn'
05/10/2025 19:37:23 Paramètres : 
05/10/2025 19:37:23 URI : /ajax/notification.php
05/10/2025 19:37:23 FILENAME : /ajax/notification.php
05/10/2025 19:37:23 TRACE ERREUR : 
#0 C:\Webosteo\htdocs\class\class_connexion.php(0): PDO->prepare('delete from not...')
#1 C:\Webosteo\htdocs\class\class_notification.php(0): Connexion->executeTraite('delete from not...')
#2 C:\Webosteo\htdocs\class\class_notification.php(0): Notification->read('Nolwenn')
#3 C:\Webosteo\htdocs\ajax\notification.php(0): Collection_Notification->readAll('Nolwenn')
#4 C:\Webosteo\htdocs\ajax\notification.php(2): sg_load('D5D1A63A6B6692D...')
#5 {main}
05/10/2025 19:37:23 ------ FIN ------

05/10/2025 19:37:23 ------ DEBUT ------
05/10/2025 19:37:23 SQLSTATE[HY000]: General error: 1 no such column: user
05/10/2025 19:37:23 Erreur sur la requête : delete from notification_histo where notification='679349e5445ab' and user='Nolwenn'
05/10/2025 19:37:23 Paramètres : 
05/10/2025 19:37:23 URI : /ajax/notification.php
05/10/2025 19:37:23 FILENAME : /ajax/notification.php
05/10/2025 19:37:23 TRACE ERREUR : 
#0 C:\Webosteo\htdocs\class\class_connexion.php(0): PDO->prepare('delete from not...')
#1 C:\Webosteo\htdocs\class\class_notification.php(0): Connexion->executeTraite('delete from not...')
#2 C:\Webosteo\htdocs\class\class_notification.php(0): Notification->read('Nolwenn')
#3 C:\Webosteo\htdocs\ajax\notification.php(0): Collection_Notification->readAll('Nolwenn')
#4 C:\Webosteo\htdocs\ajax\notification.php(2): sg_load('D5D1A63A6B6692D...')
#5 {main}
05/10/2025 19:37:23 ------ FIN ------

05/10/2025 19:37:23 ------ DEBUT ------
05/10/2025 19:37:23 SQLSTATE[HY000]: General error: 1 no such column: user
05/10/2025 19:37:23 Erreur sur la requête : delete from notification_histo where notification='679349e5ce50d' and user='Nolwenn'
05/10/2025 19:37:23 Paramètres : 
05/10/2025 19:37:23 URI : /ajax/notification.php
05/10/2025 19:37:23 FILENAME : /ajax/notification.php
05/10/2025 19:37:23 TRACE ERREUR : 
#0 C:\Webosteo\htdocs\class\class_connexion.php(0): PDO->prepare('delete from not...')
#1 C:\Webosteo\htdocs\class\class_notification.php(0): Connexion->executeTraite('delete from not...')
#2 C:\Webosteo\htdocs\class\class_notification.php(0): Notification->read('Nolwenn')
#3 C:\Webosteo\htdocs\ajax\notification.php(0): Collection_Notification->readAll('Nolwenn')
#4 C:\Webosteo\htdocs\ajax\notification.php(2): sg_load('D5D1A63A6B6692D...')
#5 {main}
05/10/2025 19:37:23 ------ FIN ------

05/10/2025 19:37:23 ------ DEBUT ------
05/10/2025 19:37:23 SQLSTATE[HY000]: General error: 1 no such column: user
05/10/2025 19:37:23 Erreur sur la requête : delete from notification_histo where notification='6794b050827fb' and user='Nolwenn'
05/10/2025 19:37:23 Paramètres : 
05/10/2025 19:37:23 URI : /ajax/notification.php
05/10/2025 19:37:23 FILENAME : /ajax/notification.php
05/10/2025 19:37:23 TRACE ERREUR : 
#0 C:\Webosteo\htdocs\class\class_connexion.php(0): PDO->prepare('delete from not...')
#1 C:\Webosteo\htdocs\class\class_notification.php(0): Connexion->executeTraite('delete from not...')
#2 C:\Webosteo\htdocs\class\class_notification.php(0): Notification->read('Nolwenn')
#3 C:\Webosteo\htdocs\ajax\notification.php(0): Collection_Notification->readAll('Nolwenn')
#4 C:\Webosteo\htdocs\ajax\notification.php(2): sg_load('D5D1A63A6B6692D...')
#5 {main}
05/10/2025 19:37:23 ------ FIN ------

05/10/2025 19:37:23 ------ DEBUT ------
05/10/2025 19:37:23 SQLSTATE[HY000]: General error: 1 no such column: user
05/10/2025 19:37:23 Erreur sur la requête : delete from notification_histo where notification='6794b0511ed63' and user='Nolwenn'
05/10/2025 19:37:23 Paramètres : 
05/10/2025 19:37:23 URI : /ajax/notification.php
05/10/2025 19:37:23 FILENAME : /ajax/notification.php
05/10/2025 19:37:23 TRACE ERREUR : 
#0 C:\Webosteo\htdocs\class\class_connexion.php(0): PDO->prepare('delete from not...')
#1 C:\Webosteo\htdocs\class\class_notification.php(0): Connexion->executeTraite('delete from not...')
#2 C:\Webosteo\htdocs\class\class_notification.php(0): Notification->read('Nolwenn')
#3 C:\Webosteo\htdocs\ajax\notification.php(0): Collection_Notification->readAll('Nolwenn')
#4 C:\Webosteo\htdocs\ajax\notification.php(2): sg_load('D5D1A63A6B6692D...')
#5 {main}
05/10/2025 19:37:23 ------ FIN ------

05/10/2025 19:37:23 ------ DEBUT ------
05/10/2025 19:37:23 SQLSTATE[HY000]: General error: 1 no such column: user
05/10/2025 19:37:23 Erreur sur la requête : delete from notification_histo where notification='67976537eac7c' and user='Nolwenn'
05/10/2025 19:37:23 Paramètres : 
05/10/2025 19:37:23 URI : /ajax/notification.php
05/10/2025 19:37:23 FILENAME : /ajax/notification.php
05/10/2025 19:37:23 TRACE ERREUR : 
#0 C:\Webosteo\htdocs\class\class_connexion.php(0): PDO->prepare('delete from not...')
#1 C:\Webosteo\htdocs\class\class_notification.php(0): Connexion->executeTraite('delete from not...')
#2 C:\Webosteo\htdocs\class\class_notification.php(0): Notification->read('Nolwenn')
#3 C:\Webosteo\htdocs\ajax\notification.php(0): Collection_Notification->readAll('Nolwenn')
#4 C:\Webosteo\htdocs\ajax\notification.php(2): sg_load('D5D1A63A6B6692D...')
#5 {main}
05/10/2025 19:37:23 ------ FIN ------

05/10/2025 19:37:23 ------ DEBUT ------
05/10/2025 19:37:23 SQLSTATE[HY000]: General error: 1 no such column: user
05/10/2025 19:37:23 Erreur sur la requête : delete from notification_histo where notification='6797653892d0d' and user='Nolwenn'
05/10/2025 19:37:23 Paramètres : 
05/10/2025 19:37:23 URI : /ajax/notification.php
05/10/2025 19:37:23 FILENAME : /ajax/notification.php
05/10/2025 19:37:23 TRACE ERREUR : 
#0 C:\Webosteo\htdocs\class\class_connexion.php(0): PDO->prepare('delete from not...')
#1 C:\Webosteo\htdocs\class\class_notification.php(0): Connexion->executeTraite('delete from not...')
#2 C:\Webosteo\htdocs\class\class_notification.php(0): Notification->read('Nolwenn')
#3 C:\Webosteo\htdocs\ajax\notification.php(0): Collection_Notification->readAll('Nolwenn')
#4 C:\Webosteo\htdocs\ajax\notification.php(2): sg_load('D5D1A63A6B6692D...')
#5 {main}
05/10/2025 19:37:23 ------ FIN ------

05/10/2025 19:37:23 ------ DEBUT ------
05/10/2025 19:37:23 SQLSTATE[HY000]: General error: 1 no such column: user
05/10/2025 19:37:23 Erreur sur la requête : delete from notification_histo where notification='6798d5540ec94' and user='Nolwenn'
05/10/2025 19:37:23 Paramètres : 
05/10/2025 19:37:23 URI : /ajax/notification.php
05/10/2025 19:37:23 FILENAME : /ajax/notification.php
05/10/2025 19:37:23 TRACE ERREUR : 
#0 C:\Webosteo\htdocs\class\class_connexion.php(0): PDO->prepare('delete from not...')
#1 C:\Webosteo\htdocs\class\class_notification.php(0): Connexion->executeTraite('delete from not...')
#2 C:\Webosteo\htdocs\class\class_notification.php(0): Notification->read('Nolwenn')
#3 C:\Webosteo\htdocs\ajax\notification.php(0): Collection_Notification->readAll('Nolwenn')
#4 C:\Webosteo\htdocs\ajax\notification.php(2): sg_load('D5D1A63A6B6692D...')
#5 {main}
05/10/2025 19:37:23 ------ FIN ------

05/10/2025 19:37:23 ------ DEBUT ------
05/10/2025 19:37:23 SQLSTATE[HY000]: General error: 1 no such column: user
05/10/2025 19:37:23 Erreur sur la requête : delete from notification_histo where notification='6798d554978e3' and user='Nolwenn'
05/10/2025 19:37:23 Paramètres : 
05/10/2025 19:37:23 URI : /ajax/notification.php
05/10/2025 19:37:23 FILENAME : /ajax/notification.php
05/10/2025 19:37:23 TRACE ERREUR : 
#0 C:\Webosteo\htdocs\class\class_connexion.php(0): PDO->prepare('delete from not...')
#1 C:\Webosteo\htdocs\class\class_notification.php(0): Connexion->executeTraite('delete from not...')
#2 C:\Webosteo\htdocs\class\class_notification.php(0): Notification->read('Nolwenn')
#3 C:\Webosteo\htdocs\ajax\notification.php(0): Collection_Notification->readAll('Nolwenn')
#4 C:\Webosteo\htdocs\ajax\notification.php(2): sg_load('D5D1A63A6B6692D...')
#5 {main}
05/10/2025 19:37:23 ------ FIN ------

05/10/2025 19:37:23 ------ DEBUT ------
05/10/2025 19:37:23 SQLSTATE[HY000]: General error: 1 no such column: user
05/10/2025 19:37:23 Erreur sur la requête : delete from notification_histo where notification='6799e3a04d4ad' and user='Nolwenn'
05/10/2025 19:37:23 Paramètres : 
05/10/2025 19:37:23 URI : /ajax/notification.php
05/10/2025 19:37:23 FILENAME : /ajax/notification.php
05/10/2025 19:37:23 TRACE ERREUR : 
#0 C:\Webosteo\htdocs\class\class_connexion.php(0): PDO->prepare('delete from not...')
#1 C:\Webosteo\htdocs\class\class_notification.php(0): Connexion->executeTraite('delete from not...')
#2 C:\Webosteo\htdocs\class\class_notification.php(0): Notification->read('Nolwenn')
#3 C:\Webosteo\htdocs\ajax\notification.php(0): Collection_Notification->readAll('Nolwenn')
#4 C:\Webosteo\htdocs\ajax\notification.php(2): sg_load('D5D1A63A6B6692D...')
#5 {main}
05/10/2025 19:37:23 ------ FIN ------

05/10/2025 19:37:23 ------ DEBUT ------
05/10/2025 19:37:23 SQLSTATE[HY000]: General error: 1 no such column: user
05/10/2025 19:37:23 Erreur sur la requête : delete from notification_histo where notification='6799e3a0edf8a' and user='Nolwenn'
05/10/2025 19:37:23 Paramètres : 
05/10/2025 19:37:23 URI : /ajax/notification.php
05/10/2025 19:37:23 FILENAME : /ajax/notification.php
05/10/2025 19:37:23 TRACE ERREUR : 
#0 C:\Webosteo\htdocs\class\class_connexion.php(0): PDO->prepare('delete from not...')
#1 C:\Webosteo\htdocs\class\class_notification.php(0): Connexion->executeTraite('delete from not...')
#2 C:\Webosteo\htdocs\class\class_notification.php(0): Notification->read('Nolwenn')
#3 C:\Webosteo\htdocs\ajax\notification.php(0): Collection_Notification->readAll('Nolwenn')
#4 C:\Webosteo\htdocs\ajax\notification.php(2): sg_load('D5D1A63A6B6692D...')
#5 {main}
05/10/2025 19:37:23 ------ FIN ------

05/10/2025 19:37:23 ------ DEBUT ------
05/10/2025 19:37:23 SQLSTATE[HY000]: General error: 1 no such column: user
05/10/2025 19:37:23 Erreur sur la requête : delete from notification_histo where notification='679b4e8cb96b5' and user='Nolwenn'
05/10/2025 19:37:23 Paramètres : 
05/10/2025 19:37:23 URI : /ajax/notification.php
05/10/2025 19:37:23 FILENAME : /ajax/notification.php
05/10/2025 19:37:23 TRACE ERREUR : 
#0 C:\Webosteo\htdocs\class\class_connexion.php(0): PDO->prepare('delete from not...')
#1 C:\Webosteo\htdocs\class\class_notification.php(0): Connexion->executeTraite('delete from not...')
#2 C:\Webosteo\htdocs\class\class_notification.php(0): Notification->read('Nolwenn')
#3 C:\Webosteo\htdocs\ajax\notification.php(0): Collection_Notification->readAll('Nolwenn')
#4 C:\Webosteo\htdocs\ajax\notification.php(2): sg_load('D5D1A63A6B6692D...')
#5 {main}
05/10/2025 19:37:23 ------ FIN ------

05/10/2025 19:37:23 ------ DEBUT ------
05/10/2025 19:37:23 SQLSTATE[HY000]: General error: 1 no such column: user
05/10/2025 19:37:23 Erreur sur la requête : delete from notification_histo where notification='679b4e8d8a3e6' and user='Nolwenn'
05/10/2025 19:37:23 Paramètres : 
05/10/2025 19:37:23 URI : /ajax/notification.php
05/10/2025 19:37:23 FILENAME : /ajax/notification.php
05/10/2025 19:37:23 TRACE ERREUR : 
#0 C:\Webosteo\htdocs\class\class_connexion.php(0): PDO->prepare('delete from not...')
#1 C:\Webosteo\htdocs\class\class_notification.php(0): Connexion->executeTraite('delete from not...')
#2 C:\Webosteo\htdocs\class\class_notification.php(0): Notification->read('Nolwenn')
#3 C:\Webosteo\htdocs\ajax\notification.php(0): Collection_Notification->readAll('Nolwenn')
#4 C:\Webosteo\htdocs\ajax\notification.php(2): sg_load('D5D1A63A6B6692D...')
#5 {main}
05/10/2025 19:37:23 ------ FIN ------

05/10/2025 19:37:23 ------ DEBUT ------
05/10/2025 19:37:23 SQLSTATE[HY000]: General error: 1 no such column: user
05/10/2025 19:37:23 Erreur sur la requête : delete from notification_histo where notification='679cca8427c59' and user='Nolwenn'
05/10/2025 19:37:23 Paramètres : 
05/10/2025 19:37:23 URI : /ajax/notification.php
05/10/2025 19:37:23 FILENAME : /ajax/notification.php
05/10/2025 19:37:23 TRACE ERREUR : 
#0 C:\Webosteo\htdocs\class\class_connexion.php(0): PDO->prepare('delete from not...')
#1 C:\Webosteo\htdocs\class\class_notification.php(0): Connexion->executeTraite('delete from not...')
#2 C:\Webosteo\htdocs\class\class_notification.php(0): Notification->read('Nolwenn')
#3 C:\Webosteo\htdocs\ajax\notification.php(0): Collection_Notification->readAll('Nolwenn')
#4 C:\Webosteo\htdocs\ajax\notification.php(2): sg_load('D5D1A63A6B6692D...')
#5 {main}
05/10/2025 19:37:23 ------ FIN ------

05/10/2025 19:37:23 ------ DEBUT ------
05/10/2025 19:37:23 SQLSTATE[HY000]: General error: 1 no such column: user
05/10/2025 19:37:23 Erreur sur la requête : delete from notification_histo where notification='679cca84c580d' and user='Nolwenn'
05/10/2025 19:37:23 Paramètres : 
05/10/2025 19:37:23 URI : /ajax/notification.php
05/10/2025 19:37:23 FILENAME : /ajax/notification.php
05/10/2025 19:37:23 TRACE ERREUR : 
#0 C:\Webosteo\htdocs\class\class_connexion.php(0): PDO->prepare('delete from not...')
#1 C:\Webosteo\htdocs\class\class_notification.php(0): Connexion->executeTraite('delete from not...')
#2 C:\Webosteo\htdocs\class\class_notification.php(0): Notification->read('Nolwenn')
#3 C:\Webosteo\htdocs\ajax\notification.php(0): Collection_Notification->readAll('Nolwenn')
#4 C:\Webosteo\htdocs\ajax\notification.php(2): sg_load('D5D1A63A6B6692D...')
#5 {main}
05/10/2025 19:37:23 ------ FIN ------

05/10/2025 19:37:23 ------ DEBUT ------
05/10/2025 19:37:23 SQLSTATE[HY000]: General error: 1 no such column: user
05/10/2025 19:37:23 Erreur sur la requête : delete from notification_histo where notification='679de3798cf46' and user='Nolwenn'
05/10/2025 19:37:23 Paramètres : 
05/10/2025 19:37:23 URI : /ajax/notification.php
05/10/2025 19:37:23 FILENAME : /ajax/notification.php
05/10/2025 19:37:23 TRACE ERREUR : 
#0 C:\Webosteo\htdocs\class\class_connexion.php(0): PDO->prepare('delete from not...')
#1 C:\Webosteo\htdocs\class\class_notification.php(0): Connexion->executeTraite('delete from not...')
#2 C:\Webosteo\htdocs\class\class_notification.php(0): Notification->read('Nolwenn')
#3 C:\Webosteo\htdocs\ajax\notification.php(0): Collection_Notification->readAll('Nolwenn')
#4 C:\Webosteo\htdocs\ajax\notification.php(2): sg_load('D5D1A63A6B6692D...')
#5 {main}
05/10/2025 19:37:23 ------ FIN ------

05/10/2025 19:37:23 ------ DEBUT ------
05/10/2025 19:37:23 SQLSTATE[HY000]: General error: 1 no such column: user
05/10/2025 19:37:23 Erreur sur la requête : delete from notification_histo where notification='679de37a1d7c9' and user='Nolwenn'
05/10/2025 19:37:23 Paramètres : 
05/10/2025 19:37:23 URI : /ajax/notification.php
05/10/2025 19:37:23 FILENAME : /ajax/notification.php
05/10/2025 19:37:23 TRACE ERREUR : 
#0 C:\Webosteo\htdocs\class\class_connexion.php(0): PDO->prepare('delete from not...')
#1 C:\Webosteo\htdocs\class\class_notification.php(0): Connexion->executeTraite('delete from not...')
#2 C:\Webosteo\htdocs\class\class_notification.php(0): Notification->read('Nolwenn')
#3 C:\Webosteo\htdocs\ajax\notification.php(0): Collection_Notification->readAll('Nolwenn')
#4 C:\Webosteo\htdocs\ajax\notification.php(2): sg_load('D5D1A63A6B6692D...')
#5 {main}
05/10/2025 19:37:23 ------ FIN ------

05/10/2025 19:37:23 ------ DEBUT ------
05/10/2025 19:37:23 SQLSTATE[HY000]: General error: 1 no such column: user
05/10/2025 19:37:23 Erreur sur la requête : delete from notification_histo where notification='67a077c0b0080' and user='Nolwenn'
05/10/2025 19:37:23 Paramètres : 
05/10/2025 19:37:23 URI : /ajax/notification.php
05/10/2025 19:37:23 FILENAME : /ajax/notification.php
05/10/2025 19:37:23 TRACE ERREUR : 
#0 C:\Webosteo\htdocs\class\class_connexion.php(0): PDO->prepare('delete from not...')
#1 C:\Webosteo\htdocs\class\class_notification.php(0): Connexion->executeTraite('delete from not...')
#2 C:\Webosteo\htdocs\class\class_notification.php(0): Notification->read('Nolwenn')
#3 C:\Webosteo\htdocs\ajax\notification.php(0): Collection_Notification->readAll('Nolwenn')
#4 C:\Webosteo\htdocs\ajax\notification.php(2): sg_load('D5D1A63A6B6692D...')
#5 {main}
05/10/2025 19:37:23 ------ FIN ------

05/10/2025 19:37:23 ------ DEBUT ------
05/10/2025 19:37:23 SQLSTATE[HY000]: General error: 1 no such column: user
05/10/2025 19:37:23 Erreur sur la requête : delete from notification_histo where notification='67a077c155111' and user='Nolwenn'
05/10/2025 19:37:23 Paramètres : 
05/10/2025 19:37:23 URI : /ajax/notification.php
05/10/2025 19:37:23 FILENAME : /ajax/notification.php
05/10/2025 19:37:23 TRACE ERREUR : 
#0 C:\Webosteo\htdocs\class\class_connexion.php(0): PDO->prepare('delete from not...')
#1 C:\Webosteo\htdocs\class\class_notification.php(0): Connexion->executeTraite('delete from not...')
#2 C:\Webosteo\htdocs\class\class_notification.php(0): Notification->read('Nolwenn')
#3 C:\Webosteo\htdocs\ajax\notification.php(0): Collection_Notification->readAll('Nolwenn')
#4 C:\Webosteo\htdocs\ajax\notification.php(2): sg_load('D5D1A63A6B6692D...')
#5 {main}
05/10/2025 19:37:23 ------ FIN ------

05/10/2025 19:37:23 ------ DEBUT ------
05/10/2025 19:37:23 SQLSTATE[HY000]: General error: 1 no such column: user
05/10/2025 19:37:23 Erreur sur la requête : delete from notification_histo where notification='67a1d9907fcdf' and user='Nolwenn'
05/10/2025 19:37:23 Paramètres : 
05/10/2025 19:37:23 URI : /ajax/notification.php
05/10/2025 19:37:23 FILENAME : /ajax/notification.php
05/10/2025 19:37:23 TRACE ERREUR : 
#0 C:\Webosteo\htdocs\class\class_connexion.php(0): PDO->prepare('delete from not...')
#1 C:\Webosteo\htdocs\class\class_notification.php(0): Connexion->executeTraite('delete from not...')
#2 C:\Webosteo\htdocs\class\class_notification.php(0): Notification->read('Nolwenn')
#3 C:\Webosteo\htdocs\ajax\notification.php(0): Collection_Notification->readAll('Nolwenn')
#4 C:\Webosteo\htdocs\ajax\notification.php(2): sg_load('D5D1A63A6B6692D...')
#5 {main}
05/10/2025 19:37:23 ------ FIN ------

05/10/2025 19:37:23 ------ DEBUT ------
05/10/2025 19:37:23 SQLSTATE[HY000]: General error: 1 no such column: user
05/10/2025 19:37:23 Erreur sur la requête : delete from notification_histo where notification='67a1d99130bad' and user='Nolwenn'
05/10/2025 19:37:23 Paramètres : 
05/10/2025 19:37:23 URI : /ajax/notification.php
05/10/2025 19:37:23 FILENAME : /ajax/notification.php
05/10/2025 19:37:23 TRACE ERREUR : 
#0 C:\Webosteo\htdocs\class\class_connexion.php(0): PDO->prepare('delete from not...')
#1 C:\Webosteo\htdocs\class\class_notification.php(0): Connexion->executeTraite('delete from not...')
#2 C:\Webosteo\htdocs\class\class_notification.php(0): Notification->read('Nolwenn')
#3 C:\Webosteo\htdocs\ajax\notification.php(0): Collection_Notification->readAll('Nolwenn')
#4 C:\Webosteo\htdocs\ajax\notification.php(2): sg_load('D5D1A63A6B6692D...')
#5 {main}
05/10/2025 19:37:23 ------ FIN ------

05/10/2025 19:37:23 ------ DEBUT ------
05/10/2025 19:37:23 SQLSTATE[HY000]: General error: 1 no such column: user
05/10/2025 19:37:23 Erreur sur la requête : delete from notification_histo where notification='67a3365c82ee5' and user='Nolwenn'
05/10/2025 19:37:23 Paramètres : 
05/10/2025 19:37:23 URI : /ajax/notification.php
05/10/2025 19:37:23 FILENAME : /ajax/notification.php
05/10/2025 19:37:23 TRACE ERREUR : 
#0 C:\Webosteo\htdocs\class\class_connexion.php(0): PDO->prepare('delete from not...')
#1 C:\Webosteo\htdocs\class\class_notification.php(0): Connexion->executeTraite('delete from not...')
#2 C:\Webosteo\htdocs\class\class_notification.php(0): Notification->read('Nolwenn')
#3 C:\Webosteo\htdocs\ajax\notification.php(0): Collection_Notification->readAll('Nolwenn')
#4 C:\Webosteo\htdocs\ajax\notification.php(2): sg_load('D5D1A63A6B6692D...')
#5 {main}
05/10/2025 19:37:23 ------ FIN ------

05/10/2025 19:37:23 ------ DEBUT ------
05/10/2025 19:37:23 SQLSTATE[HY000]: General error: 1 no such column: user
05/10/2025 19:37:23 Erreur sur la requête : delete from notification_histo where notification='67a3365d32ef2' and user='Nolwenn'
05/10/2025 19:37:23 Paramètres : 
05/10/2025 19:37:23 URI : /ajax/notification.php
05/10/2025 19:37:23 FILENAME : /ajax/notification.php
05/10/2025 19:37:23 TRACE ERREUR : 
#0 C:\Webosteo\htdocs\class\class_connexion.php(0): PDO->prepare('delete from not...')
#1 C:\Webosteo\htdocs\class\class_notification.php(0): Connexion->executeTraite('delete from not...')
#2 C:\Webosteo\htdocs\class\class_notification.php(0): Notification->read('Nolwenn')
#3 C:\Webosteo\htdocs\ajax\notification.php(0): Collection_Notification->readAll('Nolwenn')
#4 C:\Webosteo\htdocs\ajax\notification.php(2): sg_load('D5D1A63A6B6692D...')
#5 {main}
05/10/2025 19:37:23 ------ FIN ------

05/10/2025 19:37:23 ------ DEBUT ------
05/10/2025 19:37:23 SQLSTATE[HY000]: General error: 1 no such column: user
05/10/2025 19:37:23 Erreur sur la requête : delete from notification_histo where notification='67a48ab894e0a' and user='Nolwenn'
05/10/2025 19:37:23 Paramètres : 
05/10/2025 19:37:23 URI : /ajax/notification.php
05/10/2025 19:37:23 FILENAME : /ajax/notification.php
05/10/2025 19:37:23 TRACE ERREUR : 
#0 C:\Webosteo\htdocs\class\class_connexion.php(0): PDO->prepare('delete from not...')
#1 C:\Webosteo\htdocs\class\class_notification.php(0): Connexion->executeTraite('delete from not...')
#2 C:\Webosteo\htdocs\class\class_notification.php(0): Notification->read('Nolwenn')
#3 C:\Webosteo\htdocs\ajax\notification.php(0): Collection_Notification->readAll('Nolwenn')
#4 C:\Webosteo\htdocs\ajax\notification.php(2): sg_load('D5D1A63A6B6692D...')
#5 {main}
05/10/2025 19:37:23 ------ FIN ------

05/10/2025 19:37:23 ------ DEBUT ------
05/10/2025 19:37:23 SQLSTATE[HY000]: General error: 1 no such column: user
05/10/2025 19:37:23 Erreur sur la requête : delete from notification_histo where notification='67a48ab93b87e' and user='Nolwenn'
05/10/2025 19:37:23 Paramètres : 
05/10/2025 19:37:23 URI : /ajax/notification.php
05/10/2025 19:37:23 FILENAME : /ajax/notification.php
05/10/2025 19:37:23 TRACE ERREUR : 
#0 C:\Webosteo\htdocs\class\class_connexion.php(0): PDO->prepare('delete from not...')
#1 C:\Webosteo\htdocs\class\class_notification.php(0): Connexion->executeTraite('delete from not...')
#2 C:\Webosteo\htdocs\class\class_notification.php(0): Notification->read('Nolwenn')
#3 C:\Webosteo\htdocs\ajax\notification.php(0): Collection_Notification->readAll('Nolwenn')
#4 C:\Webosteo\htdocs\ajax\notification.php(2): sg_load('D5D1A63A6B6692D...')
#5 {main}
05/10/2025 19:37:23 ------ FIN ------

05/10/2025 19:37:23 ------ DEBUT ------
05/10/2025 19:37:23 SQLSTATE[HY000]: General error: 1 no such column: user
05/10/2025 19:37:23 Erreur sur la requête : delete from notification_histo where notification='67a5e33a2a276' and user='Nolwenn'
05/10/2025 19:37:23 Paramètres : 
05/10/2025 19:37:23 URI : /ajax/notification.php
05/10/2025 19:37:23 FILENAME : /ajax/notification.php
05/10/2025 19:37:23 TRACE ERREUR : 
#0 C:\Webosteo\htdocs\class\class_connexion.php(0): PDO->prepare('delete from not...')
#1 C:\Webosteo\htdocs\class\class_notification.php(0): Connexion->executeTraite('delete from not...')
#2 C:\Webosteo\htdocs\class\class_notification.php(0): Notification->read('Nolwenn')
#3 C:\Webosteo\htdocs\ajax\notification.php(0): Collection_Notification->readAll('Nolwenn')
#4 C:\Webosteo\htdocs\ajax\notification.php(2): sg_load('D5D1A63A6B6692D...')
#5 {main}
05/10/2025 19:37:23 ------ FIN ------

05/10/2025 19:37:23 ------ DEBUT ------
05/10/2025 19:37:23 SQLSTATE[HY000]: General error: 1 no such column: user
05/10/2025 19:37:23 Erreur sur la requête : delete from notification_histo where notification='67a5e33a90bc0' and user='Nolwenn'
05/10/2025 19:37:23 Paramètres : 
05/10/2025 19:37:23 URI : /ajax/notification.php
05/10/2025 19:37:23 FILENAME : /ajax/notification.php
05/10/2025 19:37:23 TRACE ERREUR : 
#0 C:\Webosteo\htdocs\class\class_connexion.php(0): PDO->prepare('delete from not...')
#1 C:\Webosteo\htdocs\class\class_notification.php(0): Connexion->executeTraite('delete from not...')
#2 C:\Webosteo\htdocs\class\class_notification.php(0): Notification->read('Nolwenn')
#3 C:\Webosteo\htdocs\ajax\notification.php(0): Collection_Notification->readAll('Nolwenn')
#4 C:\Webosteo\htdocs\ajax\notification.php(2): sg_load('D5D1A63A6B6692D...')
#5 {main}
05/10/2025 19:37:23 ------ FIN ------

05/10/2025 19:37:23 ------ DEBUT ------
05/10/2025 19:37:23 SQLSTATE[HY000]: General error: 1 no such column: user
05/10/2025 19:37:23 Erreur sur la requête : delete from notification_histo where notification='67a7120285e96' and user='Nolwenn'
05/10/2025 19:37:23 Paramètres : 
05/10/2025 19:37:23 URI : /ajax/notification.php
05/10/2025 19:37:23 FILENAME : /ajax/notification.php
05/10/2025 19:37:23 TRACE ERREUR : 
#0 C:\Webosteo\htdocs\class\class_connexion.php(0): PDO->prepare('delete from not...')
#1 C:\Webosteo\htdocs\class\class_notification.php(0): Connexion->executeTraite('delete from not...')
#2 C:\Webosteo\htdocs\class\class_notification.php(0): Notification->read('Nolwenn')
#3 C:\Webosteo\htdocs\ajax\notification.php(0): Collection_Notification->readAll('Nolwenn')
#4 C:\Webosteo\htdocs\ajax\notification.php(2): sg_load('D5D1A63A6B6692D...')
#5 {main}
05/10/2025 19:37:23 ------ FIN ------

05/10/2025 19:37:23 ------ DEBUT ------
05/10/2025 19:37:23 SQLSTATE[HY000]: General error: 1 no such column: user
05/10/2025 19:37:23 Erreur sur la requête : delete from notification_histo where notification='67a71203314f8' and user='Nolwenn'
05/10/2025 19:37:23 Paramètres : 
05/10/2025 19:37:23 URI : /ajax/notification.php
05/10/2025 19:37:23 FILENAME : /ajax/notification.php
05/10/2025 19:37:23 TRACE ERREUR : 
#0 C:\Webosteo\htdocs\class\class_connexion.php(0): PDO->prepare('delete from not...')
#1 C:\Webosteo\htdocs\class\class_notification.php(0): Connexion->executeTraite('delete from not...')
#2 C:\Webosteo\htdocs\class\class_notification.php(0): Notification->read('Nolwenn')
#3 C:\Webosteo\htdocs\ajax\notification.php(0): Collection_Notification->readAll('Nolwenn')
#4 C:\Webosteo\htdocs\ajax\notification.php(2): sg_load('D5D1A63A6B6692D...')
#5 {main}
05/10/2025 19:37:23 ------ FIN ------

05/10/2025 19:37:23 ------ DEBUT ------
05/10/2025 19:37:23 SQLSTATE[HY000]: General error: 1 no such column: user
05/10/2025 19:37:23 Erreur sur la requête : delete from notification_histo where notification='67a9b33599582' and user='Nolwenn'
05/10/2025 19:37:23 Paramètres : 
05/10/2025 19:37:23 URI : /ajax/notification.php
05/10/2025 19:37:23 FILENAME : /ajax/notification.php
05/10/2025 19:37:23 TRACE ERREUR : 
#0 C:\Webosteo\htdocs\class\class_connexion.php(0): PDO->prepare('delete from not...')
#1 C:\Webosteo\htdocs\class\class_notification.php(0): Connexion->executeTraite('delete from not...')
#2 C:\Webosteo\htdocs\class\class_notification.php(0): Notification->read('Nolwenn')
#3 C:\Webosteo\htdocs\ajax\notification.php(0): Collection_Notification->readAll('Nolwenn')
#4 C:\Webosteo\htdocs\ajax\notification.php(2): sg_load('D5D1A63A6B6692D...')
#5 {main}
05/10/2025 19:37:23 ------ FIN ------

05/10/2025 19:37:23 ------ DEBUT ------
05/10/2025 19:37:23 SQLSTATE[HY000]: General error: 1 no such column: user
05/10/2025 19:37:23 Erreur sur la requête : delete from notification_histo where notification='67a9b3364031b' and user='Nolwenn'
05/10/2025 19:37:23 Paramètres : 
05/10/2025 19:37:23 URI : /ajax/notification.php
05/10/2025 19:37:23 FILENAME : /ajax/notification.php
05/10/2025 19:37:23 TRACE ERREUR : 
#0 C:\Webosteo\htdocs\class\class_connexion.php(0): PDO->prepare('delete from not...')
#1 C:\Webosteo\htdocs\class\class_notification.php(0): Connexion->executeTraite('delete from not...')
#2 C:\Webosteo\htdocs\class\class_notification.php(0): Notification->read('Nolwenn')
#3 C:\Webosteo\htdocs\ajax\notification.php(0): Collection_Notification->readAll('Nolwenn')
#4 C:\Webosteo\htdocs\ajax\notification.php(2): sg_load('D5D1A63A6B6692D...')
#5 {main}
05/10/2025 19:37:23 ------ FIN ------

05/10/2025 19:37:23 ------ DEBUT ------
05/10/2025 19:37:23 SQLSTATE[HY000]: General error: 1 no such column: user
05/10/2025 19:37:23 Erreur sur la requête : delete from notification_histo where notification='67aafe0dc0e34' and user='Nolwenn'
05/10/2025 19:37:23 Paramètres : 
05/10/2025 19:37:23 URI : /ajax/notification.php
05/10/2025 19:37:23 FILENAME : /ajax/notification.php
05/10/2025 19:37:23 TRACE ERREUR : 
#0 C:\Webosteo\htdocs\class\class_connexion.php(0): PDO->prepare('delete from not...')
#1 C:\Webosteo\htdocs\class\class_notification.php(0): Connexion->executeTraite('delete from not...')
#2 C:\Webosteo\htdocs\class\class_notification.php(0): Notification->read('Nolwenn')
#3 C:\Webosteo\htdocs\ajax\notification.php(0): Collection_Notification->readAll('Nolwenn')
#4 C:\Webosteo\htdocs\ajax\notification.php(2): sg_load('D5D1A63A6B6692D...')
#5 {main}
05/10/2025 19:37:23 ------ FIN ------

05/10/2025 19:37:23 ------ DEBUT ------
05/10/2025 19:37:23 SQLSTATE[HY000]: General error: 1 no such column: user
05/10/2025 19:37:23 Erreur sur la requête : delete from notification_histo where notification='67aafe0ea073e' and user='Nolwenn'
05/10/2025 19:37:23 Paramètres : 
05/10/2025 19:37:23 URI : /ajax/notification.php
05/10/2025 19:37:23 FILENAME : /ajax/notification.php
05/10/2025 19:37:23 TRACE ERREUR : 
#0 C:\Webosteo\htdocs\class\class_connexion.php(0): PDO->prepare('delete from not...')
#1 C:\Webosteo\htdocs\class\class_notification.php(0): Connexion->executeTraite('delete from not...')
#2 C:\Webosteo\htdocs\class\class_notification.php(0): Notification->read('Nolwenn')
#3 C:\Webosteo\htdocs\ajax\notification.php(0): Collection_Notification->readAll('Nolwenn')
#4 C:\Webosteo\htdocs\ajax\notification.php(2): sg_load('D5D1A63A6B6692D...')
#5 {main}
05/10/2025 19:37:23 ------ FIN ------

05/10/2025 19:37:23 ------ DEBUT ------
05/10/2025 19:37:23 SQLSTATE[HY000]: General error: 1 no such column: user
05/10/2025 19:37:23 Erreur sur la requête : delete from notification_histo where notification='67ac743632483' and user='Nolwenn'
05/10/2025 19:37:23 Paramètres : 
05/10/2025 19:37:23 URI : /ajax/notification.php
05/10/2025 19:37:23 FILENAME : /ajax/notification.php
05/10/2025 19:37:23 TRACE ERREUR : 
#0 C:\Webosteo\htdocs\class\class_connexion.php(0): PDO->prepare('delete from not...')
#1 C:\Webosteo\htdocs\class\class_notification.php(0): Connexion->executeTraite('delete from not...')
#2 C:\Webosteo\htdocs\class\class_notification.php(0): Notification->read('Nolwenn')
#3 C:\Webosteo\htdocs\ajax\notification.php(0): Collection_Notification->readAll('Nolwenn')
#4 C:\Webosteo\htdocs\ajax\notification.php(2): sg_load('D5D1A63A6B6692D...')
#5 {main}
05/10/2025 19:37:23 ------ FIN ------

05/10/2025 19:37:23 ------ DEBUT ------
05/10/2025 19:37:23 SQLSTATE[HY000]: General error: 1 no such column: user
05/10/2025 19:37:23 Erreur sur la requête : delete from notification_histo where notification='67ac7436c8931' and user='Nolwenn'
05/10/2025 19:37:23 Paramètres : 
05/10/2025 19:37:23 URI : /ajax/notification.php
05/10/2025 19:37:23 FILENAME : /ajax/notification.php
05/10/2025 19:37:23 TRACE ERREUR : 
#0 C:\Webosteo\htdocs\class\class_connexion.php(0): PDO->prepare('delete from not...')
#1 C:\Webosteo\htdocs\class\class_notification.php(0): Connexion->executeTraite('delete from not...')
#2 C:\Webosteo\htdocs\class\class_notification.php(0): Notification->read('Nolwenn')
#3 C:\Webosteo\htdocs\ajax\notification.php(0): Collection_Notification->readAll('Nolwenn')
#4 C:\Webosteo\htdocs\ajax\notification.php(2): sg_load('D5D1A63A6B6692D...')
#5 {main}
05/10/2025 19:37:23 ------ FIN ------

05/10/2025 19:37:23 ------ DEBUT ------
05/10/2025 19:37:23 SQLSTATE[HY000]: General error: 1 no such column: user
05/10/2025 19:37:23 Erreur sur la requête : delete from notification_histo where notification='67addfd046052' and user='Nolwenn'
05/10/2025 19:37:23 Paramètres : 
05/10/2025 19:37:23 URI : /ajax/notification.php
05/10/2025 19:37:23 FILENAME : /ajax/notification.php
05/10/2025 19:37:23 TRACE ERREUR : 
#0 C:\Webosteo\htdocs\class\class_connexion.php(0): PDO->prepare('delete from not...')
#1 C:\Webosteo\htdocs\class\class_notification.php(0): Connexion->executeTraite('delete from not...')
#2 C:\Webosteo\htdocs\class\class_notification.php(0): Notification->read('Nolwenn')
#3 C:\Webosteo\htdocs\ajax\notification.php(0): Collection_Notification->readAll('Nolwenn')
#4 C:\Webosteo\htdocs\ajax\notification.php(2): sg_load('D5D1A63A6B6692D...')
#5 {main}
05/10/2025 19:37:23 ------ FIN ------

05/10/2025 19:37:23 ------ DEBUT ------
05/10/2025 19:37:23 SQLSTATE[HY000]: General error: 1 no such column: user
05/10/2025 19:37:23 Erreur sur la requête : delete from notification_histo where notification='67addfd0cde15' and user='Nolwenn'
05/10/2025 19:37:23 Paramètres : 
05/10/2025 19:37:23 URI : /ajax/notification.php
05/10/2025 19:37:23 FILENAME : /ajax/notification.php
05/10/2025 19:37:23 TRACE ERREUR : 
#0 C:\Webosteo\htdocs\class\class_connexion.php(0): PDO->prepare('delete from not...')
#1 C:\Webosteo\htdocs\class\class_notification.php(0): Connexion->executeTraite('delete from not...')
#2 C:\Webosteo\htdocs\class\class_notification.php(0): Notification->read('Nolwenn')
#3 C:\Webosteo\htdocs\ajax\notification.php(0): Collection_Notification->readAll('Nolwenn')
#4 C:\Webosteo\htdocs\ajax\notification.php(2): sg_load('D5D1A63A6B6692D...')
#5 {main}
05/10/2025 19:37:23 ------ FIN ------

05/10/2025 19:37:23 ------ DEBUT ------
05/10/2025 19:37:23 SQLSTATE[HY000]: General error: 1 no such column: user
05/10/2025 19:37:23 Erreur sur la requête : delete from notification_histo where notification='67aefafad0bae' and user='Nolwenn'
05/10/2025 19:37:23 Paramètres : 
05/10/2025 19:37:23 URI : /ajax/notification.php
05/10/2025 19:37:23 FILENAME : /ajax/notification.php
05/10/2025 19:37:23 TRACE ERREUR : 
#0 C:\Webosteo\htdocs\class\class_connexion.php(0): PDO->prepare('delete from not...')
#1 C:\Webosteo\htdocs\class\class_notification.php(0): Connexion->executeTraite('delete from not...')
#2 C:\Webosteo\htdocs\class\class_notification.php(0): Notification->read('Nolwenn')
#3 C:\Webosteo\htdocs\ajax\notification.php(0): Collection_Notification->readAll('Nolwenn')
#4 C:\Webosteo\htdocs\ajax\notification.php(2): sg_load('D5D1A63A6B6692D...')
#5 {main}
05/10/2025 19:37:23 ------ FIN ------

05/10/2025 19:37:23 ------ DEBUT ------
05/10/2025 19:37:23 SQLSTATE[HY000]: General error: 1 no such column: user
05/10/2025 19:37:23 Erreur sur la requête : delete from notification_histo where notification='67aefafb92e7f' and user='Nolwenn'
05/10/2025 19:37:23 Paramètres : 
05/10/2025 19:37:23 URI : /ajax/notification.php
05/10/2025 19:37:23 FILENAME : /ajax/notification.php
05/10/2025 19:37:23 TRACE ERREUR : 
#0 C:\Webosteo\htdocs\class\class_connexion.php(0): PDO->prepare('delete from not...')
#1 C:\Webosteo\htdocs\class\class_notification.php(0): Connexion->executeTraite('delete from not...')
#2 C:\Webosteo\htdocs\class\class_notification.php(0): Notification->read('Nolwenn')
#3 C:\Webosteo\htdocs\ajax\notification.php(0): Collection_Notification->readAll('Nolwenn')
#4 C:\Webosteo\htdocs\ajax\notification.php(2): sg_load('D5D1A63A6B6692D...')
#5 {main}
05/10/2025 19:37:23 ------ FIN ------

05/10/2025 19:37:23 ------ DEBUT ------
05/10/2025 19:37:23 SQLSTATE[HY000]: General error: 1 no such column: user
05/10/2025 19:37:23 Erreur sur la requête : delete from notification_histo where notification='67b0594b9f767' and user='Nolwenn'
05/10/2025 19:37:23 Paramètres : 
05/10/2025 19:37:23 URI : /ajax/notification.php
05/10/2025 19:37:23 FILENAME : /ajax/notification.php
05/10/2025 19:37:23 TRACE ERREUR : 
#0 C:\Webosteo\htdocs\class\class_connexion.php(0): PDO->prepare('delete from not...')
#1 C:\Webosteo\htdocs\class\class_notification.php(0): Connexion->executeTraite('delete from not...')
#2 C:\Webosteo\htdocs\class\class_notification.php(0): Notification->read('Nolwenn')
#3 C:\Webosteo\htdocs\ajax\notification.php(0): Collection_Notification->readAll('Nolwenn')
#4 C:\Webosteo\htdocs\ajax\notification.php(2): sg_load('D5D1A63A6B6692D...')
#5 {main}
05/10/2025 19:37:23 ------ FIN ------

05/10/2025 19:37:23 ------ DEBUT ------
05/10/2025 19:37:23 SQLSTATE[HY000]: General error: 1 no such column: user
05/10/2025 19:37:23 Erreur sur la requête : delete from notification_histo where notification='67b0594c4527c' and user='Nolwenn'
05/10/2025 19:37:23 Paramètres : 
05/10/2025 19:37:23 URI : /ajax/notification.php
05/10/2025 19:37:23 FILENAME : /ajax/notification.php
05/10/2025 19:37:23 TRACE ERREUR : 
#0 C:\Webosteo\htdocs\class\class_connexion.php(0): PDO->prepare('delete from not...')
#1 C:\Webosteo\htdocs\class\class_notification.php(0): Connexion->executeTraite('delete from not...')
#2 C:\Webosteo\htdocs\class\class_notification.php(0): Notification->read('Nolwenn')
#3 C:\Webosteo\htdocs\ajax\notification.php(0): Collection_Notification->readAll('Nolwenn')
#4 C:\Webosteo\htdocs\ajax\notification.php(2): sg_load('D5D1A63A6B6692D...')
#5 {main}
05/10/2025 19:37:23 ------ FIN ------

05/10/2025 19:37:23 ------ DEBUT ------
05/10/2025 19:37:23 SQLSTATE[HY000]: General error: 1 no such column: user
05/10/2025 19:37:23 Erreur sur la requête : delete from notification_histo where notification='67b3043b67aa3' and user='Nolwenn'
05/10/2025 19:37:23 Paramètres : 
05/10/2025 19:37:23 URI : /ajax/notification.php
05/10/2025 19:37:23 FILENAME : /ajax/notification.php
05/10/2025 19:37:23 TRACE ERREUR : 
#0 C:\Webosteo\htdocs\class\class_connexion.php(0): PDO->prepare('delete from not...')
#1 C:\Webosteo\htdocs\class\class_notification.php(0): Connexion->executeTraite('delete from not...')
#2 C:\Webosteo\htdocs\class\class_notification.php(0): Notification->read('Nolwenn')
#3 C:\Webosteo\htdocs\ajax\notification.php(0): Collection_Notification->readAll('Nolwenn')
#4 C:\Webosteo\htdocs\ajax\notification.php(2): sg_load('D5D1A63A6B6692D...')
#5 {main}
05/10/2025 19:37:23 ------ FIN ------

05/10/2025 19:37:23 ------ DEBUT ------
05/10/2025 19:37:23 SQLSTATE[HY000]: General error: 1 no such column: user
05/10/2025 19:37:23 Erreur sur la requête : delete from notification_histo where notification='67b3043c17d88' and user='Nolwenn'
05/10/2025 19:37:23 Paramètres : 
05/10/2025 19:37:23 URI : /ajax/notification.php
05/10/2025 19:37:23 FILENAME : /ajax/notification.php
05/10/2025 19:37:23 TRACE ERREUR : 
#0 C:\Webosteo\htdocs\class\class_connexion.php(0): PDO->prepare('delete from not...')
#1 C:\Webosteo\htdocs\class\class_notification.php(0): Connexion->executeTraite('delete from not...')
#2 C:\Webosteo\htdocs\class\class_notification.php(0): Notification->read('Nolwenn')
#3 C:\Webosteo\htdocs\ajax\notification.php(0): Collection_Notification->readAll('Nolwenn')
#4 C:\Webosteo\htdocs\ajax\notification.php(2): sg_load('D5D1A63A6B6692D...')
#5 {main}
05/10/2025 19:37:23 ------ FIN ------

05/10/2025 19:37:23 ------ DEBUT ------
05/10/2025 19:37:23 SQLSTATE[HY000]: General error: 1 no such column: user
05/10/2025 19:37:23 Erreur sur la requête : delete from notification_histo where notification='67b45b47edf03' and user='Nolwenn'
05/10/2025 19:37:23 Paramètres : 
05/10/2025 19:37:23 URI : /ajax/notification.php
05/10/2025 19:37:23 FILENAME : /ajax/notification.php
05/10/2025 19:37:23 TRACE ERREUR : 
#0 C:\Webosteo\htdocs\class\class_connexion.php(0): PDO->prepare('delete from not...')
#1 C:\Webosteo\htdocs\class\class_notification.php(0): Connexion->executeTraite('delete from not...')
#2 C:\Webosteo\htdocs\class\class_notification.php(0): Notification->read('Nolwenn')
#3 C:\Webosteo\htdocs\ajax\notification.php(0): Collection_Notification->readAll('Nolwenn')
#4 C:\Webosteo\htdocs\ajax\notification.php(2): sg_load('D5D1A63A6B6692D...')
#5 {main}
05/10/2025 19:37:23 ------ FIN ------

05/10/2025 19:37:23 ------ DEBUT ------
05/10/2025 19:37:23 SQLSTATE[HY000]: General error: 1 no such column: user
05/10/2025 19:37:23 Erreur sur la requête : delete from notification_histo where notification='67b45b4895b4c' and user='Nolwenn'
05/10/2025 19:37:23 Paramètres : 
05/10/2025 19:37:23 URI : /ajax/notification.php
05/10/2025 19:37:23 FILENAME : /ajax/notification.php
05/10/2025 19:37:23 TRACE ERREUR : 
#0 C:\Webosteo\htdocs\class\class_connexion.php(0): PDO->prepare('delete from not...')
#1 C:\Webosteo\htdocs\class\class_notification.php(0): Connexion->executeTraite('delete from not...')
#2 C:\Webosteo\htdocs\class\class_notification.php(0): Notification->read('Nolwenn')
#3 C:\Webosteo\htdocs\ajax\notification.php(0): Collection_Notification->readAll('Nolwenn')
#4 C:\Webosteo\htdocs\ajax\notification.php(2): sg_load('D5D1A63A6B6692D...')
#5 {main}
05/10/2025 19:37:23 ------ FIN ------

05/10/2025 19:37:23 ------ DEBUT ------
05/10/2025 19:37:23 SQLSTATE[HY000]: General error: 1 no such column: user
05/10/2025 19:37:23 Erreur sur la requête : delete from notification_histo where notification='67b5268d964e4' and user='Nolwenn'
05/10/2025 19:37:23 Paramètres : 
05/10/2025 19:37:23 URI : /ajax/notification.php
05/10/2025 19:37:23 FILENAME : /ajax/notification.php
05/10/2025 19:37:23 TRACE ERREUR : 
#0 C:\Webosteo\htdocs\class\class_connexion.php(0): PDO->prepare('delete from not...')
#1 C:\Webosteo\htdocs\class\class_notification.php(0): Connexion->executeTraite('delete from not...')
#2 C:\Webosteo\htdocs\class\class_notification.php(0): Notification->read('Nolwenn')
#3 C:\Webosteo\htdocs\ajax\notification.php(0): Collection_Notification->readAll('Nolwenn')
#4 C:\Webosteo\htdocs\ajax\notification.php(2): sg_load('D5D1A63A6B6692D...')
#5 {main}
05/10/2025 19:37:23 ------ FIN ------

05/10/2025 19:37:23 ------ DEBUT ------
05/10/2025 19:37:23 SQLSTATE[HY000]: General error: 1 no such column: user
05/10/2025 19:37:23 Erreur sur la requête : delete from notification_histo where notification='67b5268e342cb' and user='Nolwenn'
05/10/2025 19:37:23 Paramètres : 
05/10/2025 19:37:23 URI : /ajax/notification.php
05/10/2025 19:37:23 FILENAME : /ajax/notification.php
05/10/2025 19:37:23 TRACE ERREUR : 
#0 C:\Webosteo\htdocs\class\class_connexion.php(0): PDO->prepare('delete from not...')
#1 C:\Webosteo\htdocs\class\class_notification.php(0): Connexion->executeTraite('delete from not...')
#2 C:\Webosteo\htdocs\class\class_notification.php(0): Notification->read('Nolwenn')
#3 C:\Webosteo\htdocs\ajax\notification.php(0): Collection_Notification->readAll('Nolwenn')
#4 C:\Webosteo\htdocs\ajax\notification.php(2): sg_load('D5D1A63A6B6692D...')
#5 {main}
05/10/2025 19:37:23 ------ FIN ------

05/10/2025 19:37:23 ------ DEBUT ------
05/10/2025 19:37:23 SQLSTATE[HY000]: General error: 1 no such column: user
05/10/2025 19:37:23 Erreur sur la requête : delete from notification_histo where notification='67b6fde4c3312' and user='Nolwenn'
05/10/2025 19:37:23 Paramètres : 
05/10/2025 19:37:23 URI : /ajax/notification.php
05/10/2025 19:37:23 FILENAME : /ajax/notification.php
05/10/2025 19:37:23 TRACE ERREUR : 
#0 C:\Webosteo\htdocs\class\class_connexion.php(0): PDO->prepare('delete from not...')
#1 C:\Webosteo\htdocs\class\class_notification.php(0): Connexion->executeTraite('delete from not...')
#2 C:\Webosteo\htdocs\class\class_notification.php(0): Notification->read('Nolwenn')
#3 C:\Webosteo\htdocs\ajax\notification.php(0): Collection_Notification->readAll('Nolwenn')
#4 C:\Webosteo\htdocs\ajax\notification.php(2): sg_load('D5D1A63A6B6692D...')
#5 {main}
05/10/2025 19:37:23 ------ FIN ------

05/10/2025 19:37:23 ------ DEBUT ------
05/10/2025 19:37:23 SQLSTATE[HY000]: General error: 1 no such column: user
05/10/2025 19:37:23 Erreur sur la requête : delete from notification_histo where notification='67b6fde57a38a' and user='Nolwenn'
05/10/2025 19:37:23 Paramètres : 
05/10/2025 19:37:23 URI : /ajax/notification.php
05/10/2025 19:37:23 FILENAME : /ajax/notification.php
05/10/2025 19:37:23 TRACE ERREUR : 
#0 C:\Webosteo\htdocs\class\class_connexion.php(0): PDO->prepare('delete from not...')
#1 C:\Webosteo\htdocs\class\class_notification.php(0): Connexion->executeTraite('delete from not...')
#2 C:\Webosteo\htdocs\class\class_notification.php(0): Notification->read('Nolwenn')
#3 C:\Webosteo\htdocs\ajax\notification.php(0): Collection_Notification->readAll('Nolwenn')
#4 C:\Webosteo\htdocs\ajax\notification.php(2): sg_load('D5D1A63A6B6692D...')
#5 {main}
05/10/2025 19:37:23 ------ FIN ------

05/10/2025 19:37:23 ------ DEBUT ------
05/10/2025 19:37:23 SQLSTATE[HY000]: General error: 1 no such column: user
05/10/2025 19:37:23 Erreur sur la requête : delete from notification_histo where notification='67b9d70365474' and user='Nolwenn'
05/10/2025 19:37:23 Paramètres : 
05/10/2025 19:37:23 URI : /ajax/notification.php
05/10/2025 19:37:23 FILENAME : /ajax/notification.php
05/10/2025 19:37:23 TRACE ERREUR : 
#0 C:\Webosteo\htdocs\class\class_connexion.php(0): PDO->prepare('delete from not...')
#1 C:\Webosteo\htdocs\class\class_notification.php(0): Connexion->executeTraite('delete from not...')
#2 C:\Webosteo\htdocs\class\class_notification.php(0): Notification->read('Nolwenn')
#3 C:\Webosteo\htdocs\ajax\notification.php(0): Collection_Notification->readAll('Nolwenn')
#4 C:\Webosteo\htdocs\ajax\notification.php(2): sg_load('D5D1A63A6B6692D...')
#5 {main}
05/10/2025 19:37:23 ------ FIN ------

05/10/2025 19:37:23 ------ DEBUT ------
05/10/2025 19:37:23 SQLSTATE[HY000]: General error: 1 no such column: user
05/10/2025 19:37:23 Erreur sur la requête : delete from notification_histo where notification='67b9d70408a9d' and user='Nolwenn'
05/10/2025 19:37:23 Paramètres : 
05/10/2025 19:37:23 URI : /ajax/notification.php
05/10/2025 19:37:23 FILENAME : /ajax/notification.php
05/10/2025 19:37:23 TRACE ERREUR : 
#0 C:\Webosteo\htdocs\class\class_connexion.php(0): PDO->prepare('delete from not...')
#1 C:\Webosteo\htdocs\class\class_notification.php(0): Connexion->executeTraite('delete from not...')
#2 C:\Webosteo\htdocs\class\class_notification.php(0): Notification->read('Nolwenn')
#3 C:\Webosteo\htdocs\ajax\notification.php(0): Collection_Notification->readAll('Nolwenn')
#4 C:\Webosteo\htdocs\ajax\notification.php(2): sg_load('D5D1A63A6B6692D...')
#5 {main}
05/10/2025 19:37:23 ------ FIN ------

05/10/2025 19:37:23 ------ DEBUT ------
05/10/2025 19:37:23 SQLSTATE[HY000]: General error: 1 no such column: user
05/10/2025 19:37:23 Erreur sur la requête : delete from notification_histo where notification='67bc353852aca' and user='Nolwenn'
05/10/2025 19:37:23 Paramètres : 
05/10/2025 19:37:23 URI : /ajax/notification.php
05/10/2025 19:37:23 FILENAME : /ajax/notification.php
05/10/2025 19:37:23 TRACE ERREUR : 
#0 C:\Webosteo\htdocs\class\class_connexion.php(0): PDO->prepare('delete from not...')
#1 C:\Webosteo\htdocs\class\class_notification.php(0): Connexion->executeTraite('delete from not...')
#2 C:\Webosteo\htdocs\class\class_notification.php(0): Notification->read('Nolwenn')
#3 C:\Webosteo\htdocs\ajax\notification.php(0): Collection_Notification->readAll('Nolwenn')
#4 C:\Webosteo\htdocs\ajax\notification.php(2): sg_load('D5D1A63A6B6692D...')
#5 {main}
05/10/2025 19:37:23 ------ FIN ------

05/10/2025 19:37:23 ------ DEBUT ------
05/10/2025 19:37:23 SQLSTATE[HY000]: General error: 1 no such column: user
05/10/2025 19:37:23 Erreur sur la requête : delete from notification_histo where notification='67bc3538f258f' and user='Nolwenn'
05/10/2025 19:37:23 Paramètres : 
05/10/2025 19:37:23 URI : /ajax/notification.php
05/10/2025 19:37:23 FILENAME : /ajax/notification.php
05/10/2025 19:37:23 TRACE ERREUR : 
#0 C:\Webosteo\htdocs\class\class_connexion.php(0): PDO->prepare('delete from not...')
#1 C:\Webosteo\htdocs\class\class_notification.php(0): Connexion->executeTraite('delete from not...')
#2 C:\Webosteo\htdocs\class\class_notification.php(0): Notification->read('Nolwenn')
#3 C:\Webosteo\htdocs\ajax\notification.php(0): Collection_Notification->readAll('Nolwenn')
#4 C:\Webosteo\htdocs\ajax\notification.php(2): sg_load('D5D1A63A6B6692D...')
#5 {main}
05/10/2025 19:37:23 ------ FIN ------

05/10/2025 19:37:23 ------ DEBUT ------
05/10/2025 19:37:23 SQLSTATE[HY000]: General error: 1 no such column: user
05/10/2025 19:37:23 Erreur sur la requête : delete from notification_histo where notification='67bdcaa3ea559' and user='Nolwenn'
05/10/2025 19:37:23 Paramètres : 
05/10/2025 19:37:23 URI : /ajax/notification.php
05/10/2025 19:37:23 FILENAME : /ajax/notification.php
05/10/2025 19:37:23 TRACE ERREUR : 
#0 C:\Webosteo\htdocs\class\class_connexion.php(0): PDO->prepare('delete from not...')
#1 C:\Webosteo\htdocs\class\class_notification.php(0): Connexion->executeTraite('delete from not...')
#2 C:\Webosteo\htdocs\class\class_notification.php(0): Notification->read('Nolwenn')
#3 C:\Webosteo\htdocs\ajax\notification.php(0): Collection_Notification->readAll('Nolwenn')
#4 C:\Webosteo\htdocs\ajax\notification.php(2): sg_load('D5D1A63A6B6692D...')
#5 {main}
05/10/2025 19:37:23 ------ FIN ------

05/10/2025 19:37:23 ------ DEBUT ------
05/10/2025 19:37:23 SQLSTATE[HY000]: General error: 1 no such column: user
05/10/2025 19:37:23 Erreur sur la requête : delete from notification_histo where notification='67bdcaa4b1028' and user='Nolwenn'
05/10/2025 19:37:23 Paramètres : 
05/10/2025 19:37:23 URI : /ajax/notification.php
05/10/2025 19:37:23 FILENAME : /ajax/notification.php
05/10/2025 19:37:23 TRACE ERREUR : 
#0 C:\Webosteo\htdocs\class\class_connexion.php(0): PDO->prepare('delete from not...')
#1 C:\Webosteo\htdocs\class\class_notification.php(0): Connexion->executeTraite('delete from not...')
#2 C:\Webosteo\htdocs\class\class_notification.php(0): Notification->read('Nolwenn')
#3 C:\Webosteo\htdocs\ajax\notification.php(0): Collection_Notification->readAll('Nolwenn')
#4 C:\Webosteo\htdocs\ajax\notification.php(2): sg_load('D5D1A63A6B6692D...')
#5 {main}
05/10/2025 19:37:23 ------ FIN ------

05/10/2025 19:37:23 ------ DEBUT ------
05/10/2025 19:37:23 SQLSTATE[HY000]: General error: 1 no such column: user
05/10/2025 19:37:23 Erreur sur la requête : delete from notification_histo where notification='67bed539a8855' and user='Nolwenn'
05/10/2025 19:37:23 Paramètres : 
05/10/2025 19:37:23 URI : /ajax/notification.php
05/10/2025 19:37:23 FILENAME : /ajax/notification.php
05/10/2025 19:37:23 TRACE ERREUR : 
#0 C:\Webosteo\htdocs\class\class_connexion.php(0): PDO->prepare('delete from not...')
#1 C:\Webosteo\htdocs\class\class_notification.php(0): Connexion->executeTraite('delete from not...')
#2 C:\Webosteo\htdocs\class\class_notification.php(0): Notification->read('Nolwenn')
#3 C:\Webosteo\htdocs\ajax\notification.php(0): Collection_Notification->readAll('Nolwenn')
#4 C:\Webosteo\htdocs\ajax\notification.php(2): sg_load('D5D1A63A6B6692D...')
#5 {main}
05/10/2025 19:37:23 ------ FIN ------

05/10/2025 19:37:23 ------ DEBUT ------
05/10/2025 19:37:23 SQLSTATE[HY000]: General error: 1 no such column: user
05/10/2025 19:37:23 Erreur sur la requête : delete from notification_histo where notification='67bed53a58e2b' and user='Nolwenn'
05/10/2025 19:37:23 Paramètres : 
05/10/2025 19:37:23 URI : /ajax/notification.php
05/10/2025 19:37:23 FILENAME : /ajax/notification.php
05/10/2025 19:37:23 TRACE ERREUR : 
#0 C:\Webosteo\htdocs\class\class_connexion.php(0): PDO->prepare('delete from not...')
#1 C:\Webosteo\htdocs\class\class_notification.php(0): Connexion->executeTraite('delete from not...')
#2 C:\Webosteo\htdocs\class\class_notification.php(0): Notification->read('Nolwenn')
#3 C:\Webosteo\htdocs\ajax\notification.php(0): Collection_Notification->readAll('Nolwenn')
#4 C:\Webosteo\htdocs\ajax\notification.php(2): sg_load('D5D1A63A6B6692D...')
#5 {main}
05/10/2025 19:37:23 ------ FIN ------

05/10/2025 19:37:23 ------ DEBUT ------
05/10/2025 19:37:23 SQLSTATE[HY000]: General error: 1 no such column: user
05/10/2025 19:37:23 Erreur sur la requête : delete from notification_histo where notification='67c06fdb0684f' and user='Nolwenn'
05/10/2025 19:37:23 Paramètres : 
05/10/2025 19:37:23 URI : /ajax/notification.php
05/10/2025 19:37:23 FILENAME : /ajax/notification.php
05/10/2025 19:37:23 TRACE ERREUR : 
#0 C:\Webosteo\htdocs\class\class_connexion.php(0): PDO->prepare('delete from not...')
#1 C:\Webosteo\htdocs\class\class_notification.php(0): Connexion->executeTraite('delete from not...')
#2 C:\Webosteo\htdocs\class\class_notification.php(0): Notification->read('Nolwenn')
#3 C:\Webosteo\htdocs\ajax\notification.php(0): Collection_Notification->readAll('Nolwenn')
#4 C:\Webosteo\htdocs\ajax\notification.php(2): sg_load('D5D1A63A6B6692D...')
#5 {main}
05/10/2025 19:37:23 ------ FIN ------

05/10/2025 19:37:23 ------ DEBUT ------
05/10/2025 19:37:23 SQLSTATE[HY000]: General error: 1 no such column: user
05/10/2025 19:37:23 Erreur sur la requête : delete from notification_histo where notification='67c06fdba0e28' and user='Nolwenn'
05/10/2025 19:37:23 Paramètres : 
05/10/2025 19:37:23 URI : /ajax/notification.php
05/10/2025 19:37:23 FILENAME : /ajax/notification.php
05/10/2025 19:37:23 TRACE ERREUR : 
#0 C:\Webosteo\htdocs\class\class_connexion.php(0): PDO->prepare('delete from not...')
#1 C:\Webosteo\htdocs\class\class_notification.php(0): Connexion->executeTraite('delete from not...')
#2 C:\Webosteo\htdocs\class\class_notification.php(0): Notification->read('Nolwenn')
#3 C:\Webosteo\htdocs\ajax\notification.php(0): Collection_Notification->readAll('Nolwenn')
#4 C:\Webosteo\htdocs\ajax\notification.php(2): sg_load('D5D1A63A6B6692D...')
#5 {main}
05/10/2025 19:37:23 ------ FIN ------

05/10/2025 19:37:23 ------ DEBUT ------
05/10/2025 19:37:23 SQLSTATE[HY000]: General error: 1 no such column: user
05/10/2025 19:37:23 Erreur sur la requête : delete from notification_histo where notification='67c196d145e68' and user='Nolwenn'
05/10/2025 19:37:23 Paramètres : 
05/10/2025 19:37:23 URI : /ajax/notification.php
05/10/2025 19:37:23 FILENAME : /ajax/notification.php
05/10/2025 19:37:23 TRACE ERREUR : 
#0 C:\Webosteo\htdocs\class\class_connexion.php(0): PDO->prepare('delete from not...')
#1 C:\Webosteo\htdocs\class\class_notification.php(0): Connexion->executeTraite('delete from not...')
#2 C:\Webosteo\htdocs\class\class_notification.php(0): Notification->read('Nolwenn')
#3 C:\Webosteo\htdocs\ajax\notification.php(0): Collection_Notification->readAll('Nolwenn')
#4 C:\Webosteo\htdocs\ajax\notification.php(2): sg_load('D5D1A63A6B6692D...')
#5 {main}
05/10/2025 19:37:23 ------ FIN ------

05/10/2025 19:37:23 ------ DEBUT ------
05/10/2025 19:37:23 SQLSTATE[HY000]: General error: 1 no such column: user
05/10/2025 19:37:23 Erreur sur la requête : delete from notification_histo where notification='67c196d1dff9e' and user='Nolwenn'
05/10/2025 19:37:23 Paramètres : 
05/10/2025 19:37:23 URI : /ajax/notification.php
05/10/2025 19:37:23 FILENAME : /ajax/notification.php
05/10/2025 19:37:23 TRACE ERREUR : 
#0 C:\Webosteo\htdocs\class\class_connexion.php(0): PDO->prepare('delete from not...')
#1 C:\Webosteo\htdocs\class\class_notification.php(0): Connexion->executeTraite('delete from not...')
#2 C:\Webosteo\htdocs\class\class_notification.php(0): Notification->read('Nolwenn')
#3 C:\Webosteo\htdocs\ajax\notification.php(0): Collection_Notification->readAll('Nolwenn')
#4 C:\Webosteo\htdocs\ajax\notification.php(2): sg_load('D5D1A63A6B6692D...')
#5 {main}
05/10/2025 19:37:23 ------ FIN ------

05/10/2025 19:37:23 ------ DEBUT ------
05/10/2025 19:37:23 SQLSTATE[HY000]: General error: 1 no such column: user
05/10/2025 19:37:23 Erreur sur la requête : delete from notification_histo where notification='67c3159a4adb3' and user='Nolwenn'
05/10/2025 19:37:23 Paramètres : 
05/10/2025 19:37:23 URI : /ajax/notification.php
05/10/2025 19:37:23 FILENAME : /ajax/notification.php
05/10/2025 19:37:23 TRACE ERREUR : 
#0 C:\Webosteo\htdocs\class\class_connexion.php(0): PDO->prepare('delete from not...')
#1 C:\Webosteo\htdocs\class\class_notification.php(0): Connexion->executeTraite('delete from not...')
#2 C:\Webosteo\htdocs\class\class_notification.php(0): Notification->read('Nolwenn')
#3 C:\Webosteo\htdocs\ajax\notification.php(0): Collection_Notification->readAll('Nolwenn')
#4 C:\Webosteo\htdocs\ajax\notification.php(2): sg_load('D5D1A63A6B6692D...')
#5 {main}
05/10/2025 19:37:23 ------ FIN ------

05/10/2025 19:37:23 ------ DEBUT ------
05/10/2025 19:37:23 SQLSTATE[HY000]: General error: 1 no such column: user
05/10/2025 19:37:23 Erreur sur la requête : delete from notification_histo where notification='67c3159b0799a' and user='Nolwenn'
05/10/2025 19:37:23 Paramètres : 
05/10/2025 19:37:23 URI : /ajax/notification.php
05/10/2025 19:37:23 FILENAME : /ajax/notification.php
05/10/2025 19:37:23 TRACE ERREUR : 
#0 C:\Webosteo\htdocs\class\class_connexion.php(0): PDO->prepare('delete from not...')
#1 C:\Webosteo\htdocs\class\class_notification.php(0): Connexion->executeTraite('delete from not...')
#2 C:\Webosteo\htdocs\class\class_notification.php(0): Notification->read('Nolwenn')
#3 C:\Webosteo\htdocs\ajax\notification.php(0): Collection_Notification->readAll('Nolwenn')
#4 C:\Webosteo\htdocs\ajax\notification.php(2): sg_load('D5D1A63A6B6692D...')
#5 {main}
05/10/2025 19:37:23 ------ FIN ------

05/10/2025 19:37:23 ------ DEBUT ------
05/10/2025 19:37:23 SQLSTATE[HY000]: General error: 1 no such column: user
05/10/2025 19:37:23 Erreur sur la requête : delete from notification_histo where notification='67c561f12aa5e' and user='Nolwenn'
05/10/2025 19:37:23 Paramètres : 
05/10/2025 19:37:23 URI : /ajax/notification.php
05/10/2025 19:37:23 FILENAME : /ajax/notification.php
05/10/2025 19:37:23 TRACE ERREUR : 
#0 C:\Webosteo\htdocs\class\class_connexion.php(0): PDO->prepare('delete from not...')
#1 C:\Webosteo\htdocs\class\class_notification.php(0): Connexion->executeTraite('delete from not...')
#2 C:\Webosteo\htdocs\class\class_notification.php(0): Notification->read('Nolwenn')
#3 C:\Webosteo\htdocs\ajax\notification.php(0): Collection_Notification->readAll('Nolwenn')
#4 C:\Webosteo\htdocs\ajax\notification.php(2): sg_load('D5D1A63A6B6692D...')
#5 {main}
05/10/2025 19:37:23 ------ FIN ------

05/10/2025 19:37:23 ------ DEBUT ------
05/10/2025 19:37:23 SQLSTATE[HY000]: General error: 1 no such column: user
05/10/2025 19:37:23 Erreur sur la requête : delete from notification_histo where notification='67c561f1cdd82' and user='Nolwenn'
05/10/2025 19:37:23 Paramètres : 
05/10/2025 19:37:23 URI : /ajax/notification.php
05/10/2025 19:37:23 FILENAME : /ajax/notification.php
05/10/2025 19:37:23 TRACE ERREUR : 
#0 C:\Webosteo\htdocs\class\class_connexion.php(0): PDO->prepare('delete from not...')
#1 C:\Webosteo\htdocs\class\class_notification.php(0): Connexion->executeTraite('delete from not...')
#2 C:\Webosteo\htdocs\class\class_notification.php(0): Notification->read('Nolwenn')
#3 C:\Webosteo\htdocs\ajax\notification.php(0): Collection_Notification->readAll('Nolwenn')
#4 C:\Webosteo\htdocs\ajax\notification.php(2): sg_load('D5D1A63A6B6692D...')
#5 {main}
05/10/2025 19:37:23 ------ FIN ------

05/10/2025 19:37:23 ------ DEBUT ------
05/10/2025 19:37:23 SQLSTATE[HY000]: General error: 1 no such column: user
05/10/2025 19:37:23 Erreur sur la requête : delete from notification_histo where notification='67c6c6bb60608' and user='Nolwenn'
05/10/2025 19:37:23 Paramètres : 
05/10/2025 19:37:23 URI : /ajax/notification.php
05/10/2025 19:37:23 FILENAME : /ajax/notification.php
05/10/2025 19:37:23 TRACE ERREUR : 
#0 C:\Webosteo\htdocs\class\class_connexion.php(0): PDO->prepare('delete from not...')
#1 C:\Webosteo\htdocs\class\class_notification.php(0): Connexion->executeTraite('delete from not...')
#2 C:\Webosteo\htdocs\class\class_notification.php(0): Notification->read('Nolwenn')
#3 C:\Webosteo\htdocs\ajax\notification.php(0): Collection_Notification->readAll('Nolwenn')
#4 C:\Webosteo\htdocs\ajax\notification.php(2): sg_load('D5D1A63A6B6692D...')
#5 {main}
05/10/2025 19:37:23 ------ FIN ------

05/10/2025 19:37:23 ------ DEBUT ------
05/10/2025 19:37:23 SQLSTATE[HY000]: General error: 1 no such column: user
05/10/2025 19:37:23 Erreur sur la requête : delete from notification_histo where notification='67c6c6bb71808' and user='Nolwenn'
05/10/2025 19:37:23 Paramètres : 
05/10/2025 19:37:23 URI : /ajax/notification.php
05/10/2025 19:37:23 FILENAME : /ajax/notification.php
05/10/2025 19:37:23 TRACE ERREUR : 
#0 C:\Webosteo\htdocs\class\class_connexion.php(0): PDO->prepare('delete from not...')
#1 C:\Webosteo\htdocs\class\class_notification.php(0): Connexion->executeTraite('delete from not...')
#2 C:\Webosteo\htdocs\class\class_notification.php(0): Notification->read('Nolwenn')
#3 C:\Webosteo\htdocs\ajax\notification.php(0): Collection_Notification->readAll('Nolwenn')
#4 C:\Webosteo\htdocs\ajax\notification.php(2): sg_load('D5D1A63A6B6692D...')
#5 {main}
05/10/2025 19:37:23 ------ FIN ------

05/10/2025 19:37:23 ------ DEBUT ------
05/10/2025 19:37:23 SQLSTATE[HY000]: General error: 1 no such column: user
05/10/2025 19:37:23 Erreur sur la requête : delete from notification_histo where notification='67c85bfadd2a9' and user='Nolwenn'
05/10/2025 19:37:23 Paramètres : 
05/10/2025 19:37:23 URI : /ajax/notification.php
05/10/2025 19:37:23 FILENAME : /ajax/notification.php
05/10/2025 19:37:23 TRACE ERREUR : 
#0 C:\Webosteo\htdocs\class\class_connexion.php(0): PDO->prepare('delete from not...')
#1 C:\Webosteo\htdocs\class\class_notification.php(0): Connexion->executeTraite('delete from not...')
#2 C:\Webosteo\htdocs\class\class_notification.php(0): Notification->read('Nolwenn')
#3 C:\Webosteo\htdocs\ajax\notification.php(0): Collection_Notification->readAll('Nolwenn')
#4 C:\Webosteo\htdocs\ajax\notification.php(2): sg_load('D5D1A63A6B6692D...')
#5 {main}
05/10/2025 19:37:23 ------ FIN ------

05/10/2025 19:37:23 ------ DEBUT ------
05/10/2025 19:37:23 SQLSTATE[HY000]: General error: 1 no such column: user
05/10/2025 19:37:23 Erreur sur la requête : delete from notification_histo where notification='67c85bfaeb4e5' and user='Nolwenn'
05/10/2025 19:37:23 Paramètres : 
05/10/2025 19:37:23 URI : /ajax/notification.php
05/10/2025 19:37:23 FILENAME : /ajax/notification.php
05/10/2025 19:37:23 TRACE ERREUR : 
#0 C:\Webosteo\htdocs\class\class_connexion.php(0): PDO->prepare('delete from not...')
#1 C:\Webosteo\htdocs\class\class_notification.php(0): Connexion->executeTraite('delete from not...')
#2 C:\Webosteo\htdocs\class\class_notification.php(0): Notification->read('Nolwenn')
#3 C:\Webosteo\htdocs\ajax\notification.php(0): Collection_Notification->readAll('Nolwenn')
#4 C:\Webosteo\htdocs\ajax\notification.php(2): sg_load('D5D1A63A6B6692D...')
#5 {main}
05/10/2025 19:37:23 ------ FIN ------

05/10/2025 19:37:23 ------ DEBUT ------
05/10/2025 19:37:23 SQLSTATE[HY000]: General error: 1 no such column: user
05/10/2025 19:37:23 Erreur sur la requête : delete from notification_histo where notification='67c95721bad9d' and user='Nolwenn'
05/10/2025 19:37:23 Paramètres : 
05/10/2025 19:37:23 URI : /ajax/notification.php
05/10/2025 19:37:23 FILENAME : /ajax/notification.php
05/10/2025 19:37:23 TRACE ERREUR : 
#0 C:\Webosteo\htdocs\class\class_connexion.php(0): PDO->prepare('delete from not...')
#1 C:\Webosteo\htdocs\class\class_notification.php(0): Connexion->executeTraite('delete from not...')
#2 C:\Webosteo\htdocs\class\class_notification.php(0): Notification->read('Nolwenn')
#3 C:\Webosteo\htdocs\ajax\notification.php(0): Collection_Notification->readAll('Nolwenn')
#4 C:\Webosteo\htdocs\ajax\notification.php(2): sg_load('D5D1A63A6B6692D...')
#5 {main}
05/10/2025 19:37:23 ------ FIN ------

05/10/2025 19:37:23 ------ DEBUT ------
05/10/2025 19:37:23 SQLSTATE[HY000]: General error: 1 no such column: user
05/10/2025 19:37:23 Erreur sur la requête : delete from notification_histo where notification='67c957226423d' and user='Nolwenn'
05/10/2025 19:37:23 Paramètres : 
05/10/2025 19:37:23 URI : /ajax/notification.php
05/10/2025 19:37:23 FILENAME : /ajax/notification.php
05/10/2025 19:37:23 TRACE ERREUR : 
#0 C:\Webosteo\htdocs\class\class_connexion.php(0): PDO->prepare('delete from not...')
#1 C:\Webosteo\htdocs\class\class_notification.php(0): Connexion->executeTraite('delete from not...')
#2 C:\Webosteo\htdocs\class\class_notification.php(0): Notification->read('Nolwenn')
#3 C:\Webosteo\htdocs\ajax\notification.php(0): Collection_Notification->readAll('Nolwenn')
#4 C:\Webosteo\htdocs\ajax\notification.php(2): sg_load('D5D1A63A6B6692D...')
#5 {main}
05/10/2025 19:37:23 ------ FIN ------

05/10/2025 19:37:23 ------ DEBUT ------
05/10/2025 19:37:23 SQLSTATE[HY000]: General error: 1 no such column: user
05/10/2025 19:37:23 Erreur sur la requête : delete from notification_histo where notification='67cab908e151d' and user='Nolwenn'
05/10/2025 19:37:23 Paramètres : 
05/10/2025 19:37:23 URI : /ajax/notification.php
05/10/2025 19:37:23 FILENAME : /ajax/notification.php
05/10/2025 19:37:23 TRACE ERREUR : 
#0 C:\Webosteo\htdocs\class\class_connexion.php(0): PDO->prepare('delete from not...')
#1 C:\Webosteo\htdocs\class\class_notification.php(0): Connexion->executeTraite('delete from not...')
#2 C:\Webosteo\htdocs\class\class_notification.php(0): Notification->read('Nolwenn')
#3 C:\Webosteo\htdocs\ajax\notification.php(0): Collection_Notification->readAll('Nolwenn')
#4 C:\Webosteo\htdocs\ajax\notification.php(2): sg_load('D5D1A63A6B6692D...')
#5 {main}
05/10/2025 19:37:23 ------ FIN ------

05/10/2025 19:37:23 ------ DEBUT ------
05/10/2025 19:37:23 SQLSTATE[HY000]: General error: 1 no such column: user
05/10/2025 19:37:23 Erreur sur la requête : delete from notification_histo where notification='67cab90906f09' and user='Nolwenn'
05/10/2025 19:37:23 Paramètres : 
05/10/2025 19:37:23 URI : /ajax/notification.php
05/10/2025 19:37:23 FILENAME : /ajax/notification.php
05/10/2025 19:37:23 TRACE ERREUR : 
#0 C:\Webosteo\htdocs\class\class_connexion.php(0): PDO->prepare('delete from not...')
#1 C:\Webosteo\htdocs\class\class_notification.php(0): Connexion->executeTraite('delete from not...')
#2 C:\Webosteo\htdocs\class\class_notification.php(0): Notification->read('Nolwenn')
#3 C:\Webosteo\htdocs\ajax\notification.php(0): Collection_Notification->readAll('Nolwenn')
#4 C:\Webosteo\htdocs\ajax\notification.php(2): sg_load('D5D1A63A6B6692D...')
#5 {main}
05/10/2025 19:37:23 ------ FIN ------

05/10/2025 19:37:23 ------ DEBUT ------
05/10/2025 19:37:23 SQLSTATE[HY000]: General error: 1 no such column: user
05/10/2025 19:37:23 Erreur sur la requête : delete from notification_histo where notification='67cbf3d847074' and user='Nolwenn'
05/10/2025 19:37:23 Paramètres : 
05/10/2025 19:37:23 URI : /ajax/notification.php
05/10/2025 19:37:23 FILENAME : /ajax/notification.php
05/10/2025 19:37:23 TRACE ERREUR : 
#0 C:\Webosteo\htdocs\class\class_connexion.php(0): PDO->prepare('delete from not...')
#1 C:\Webosteo\htdocs\class\class_notification.php(0): Connexion->executeTraite('delete from not...')
#2 C:\Webosteo\htdocs\class\class_notification.php(0): Notification->read('Nolwenn')
#3 C:\Webosteo\htdocs\ajax\notification.php(0): Collection_Notification->readAll('Nolwenn')
#4 C:\Webosteo\htdocs\ajax\notification.php(2): sg_load('D5D1A63A6B6692D...')
#5 {main}
05/10/2025 19:37:23 ------ FIN ------

05/10/2025 19:37:23 ------ DEBUT ------
05/10/2025 19:37:23 SQLSTATE[HY000]: General error: 1 no such column: user
05/10/2025 19:37:23 Erreur sur la requête : delete from notification_histo where notification='67cbf3d859966' and user='Nolwenn'
05/10/2025 19:37:23 Paramètres : 
05/10/2025 19:37:23 URI : /ajax/notification.php
05/10/2025 19:37:23 FILENAME : /ajax/notification.php
05/10/2025 19:37:23 TRACE ERREUR : 
#0 C:\Webosteo\htdocs\class\class_connexion.php(0): PDO->prepare('delete from not...')
#1 C:\Webosteo\htdocs\class\class_notification.php(0): Connexion->executeTraite('delete from not...')
#2 C:\Webosteo\htdocs\class\class_notification.php(0): Notification->read('Nolwenn')
#3 C:\Webosteo\htdocs\ajax\notification.php(0): Collection_Notification->readAll('Nolwenn')
#4 C:\Webosteo\htdocs\ajax\notification.php(2): sg_load('D5D1A63A6B6692D...')
#5 {main}
05/10/2025 19:37:23 ------ FIN ------

05/10/2025 19:37:23 ------ DEBUT ------
05/10/2025 19:37:23 SQLSTATE[HY000]: General error: 1 no such column: user
05/10/2025 19:37:23 Erreur sur la requête : delete from notification_histo where notification='67ceb4f466cee' and user='Nolwenn'
05/10/2025 19:37:23 Paramètres : 
05/10/2025 19:37:23 URI : /ajax/notification.php
05/10/2025 19:37:23 FILENAME : /ajax/notification.php
05/10/2025 19:37:23 TRACE ERREUR : 
#0 C:\Webosteo\htdocs\class\class_connexion.php(0): PDO->prepare('delete from not...')
#1 C:\Webosteo\htdocs\class\class_notification.php(0): Connexion->executeTraite('delete from not...')
#2 C:\Webosteo\htdocs\class\class_notification.php(0): Notification->read('Nolwenn')
#3 C:\Webosteo\htdocs\ajax\notification.php(0): Collection_Notification->readAll('Nolwenn')
#4 C:\Webosteo\htdocs\ajax\notification.php(2): sg_load('D5D1A63A6B6692D...')
#5 {main}
05/10/2025 19:37:23 ------ FIN ------

05/10/2025 19:37:23 ------ DEBUT ------
05/10/2025 19:37:23 SQLSTATE[HY000]: General error: 1 no such column: user
05/10/2025 19:37:23 Erreur sur la requête : delete from notification_histo where notification='67ceb4f51003c' and user='Nolwenn'
05/10/2025 19:37:23 Paramètres : 
05/10/2025 19:37:23 URI : /ajax/notification.php
05/10/2025 19:37:23 FILENAME : /ajax/notification.php
05/10/2025 19:37:23 TRACE ERREUR : 
#0 C:\Webosteo\htdocs\class\class_connexion.php(0): PDO->prepare('delete from not...')
#1 C:\Webosteo\htdocs\class\class_notification.php(0): Connexion->executeTraite('delete from not...')
#2 C:\Webosteo\htdocs\class\class_notification.php(0): Notification->read('Nolwenn')
#3 C:\Webosteo\htdocs\ajax\notification.php(0): Collection_Notification->readAll('Nolwenn')
#4 C:\Webosteo\htdocs\ajax\notification.php(2): sg_load('D5D1A63A6B6692D...')
#5 {main}
05/10/2025 19:37:23 ------ FIN ------

05/10/2025 19:37:23 ------ DEBUT ------
05/10/2025 19:37:23 SQLSTATE[HY000]: General error: 1 no such column: user
05/10/2025 19:37:23 Erreur sur la requête : delete from notification_histo where notification='67cff07e98011' and user='Nolwenn'
05/10/2025 19:37:23 Paramètres : 
05/10/2025 19:37:23 URI : /ajax/notification.php
05/10/2025 19:37:23 FILENAME : /ajax/notification.php
05/10/2025 19:37:23 TRACE ERREUR : 
#0 C:\Webosteo\htdocs\class\class_connexion.php(0): PDO->prepare('delete from not...')
#1 C:\Webosteo\htdocs\class\class_notification.php(0): Connexion->executeTraite('delete from not...')
#2 C:\Webosteo\htdocs\class\class_notification.php(0): Notification->read('Nolwenn')
#3 C:\Webosteo\htdocs\ajax\notification.php(0): Collection_Notification->readAll('Nolwenn')
#4 C:\Webosteo\htdocs\ajax\notification.php(2): sg_load('D5D1A63A6B6692D...')
#5 {main}
05/10/2025 19:37:23 ------ FIN ------

05/10/2025 19:37:23 ------ DEBUT ------
05/10/2025 19:37:23 SQLSTATE[HY000]: General error: 1 no such column: user
05/10/2025 19:37:23 Erreur sur la requête : delete from notification_histo where notification='67cff07f63a35' and user='Nolwenn'
05/10/2025 19:37:23 Paramètres : 
05/10/2025 19:37:23 URI : /ajax/notification.php
05/10/2025 19:37:23 FILENAME : /ajax/notification.php
05/10/2025 19:37:23 TRACE ERREUR : 
#0 C:\Webosteo\htdocs\class\class_connexion.php(0): PDO->prepare('delete from not...')
#1 C:\Webosteo\htdocs\class\class_notification.php(0): Connexion->executeTraite('delete from not...')
#2 C:\Webosteo\htdocs\class\class_notification.php(0): Notification->read('Nolwenn')
#3 C:\Webosteo\htdocs\ajax\notification.php(0): Collection_Notification->readAll('Nolwenn')
#4 C:\Webosteo\htdocs\ajax\notification.php(2): sg_load('D5D1A63A6B6692D...')
#5 {main}
05/10/2025 19:37:23 ------ FIN ------

05/10/2025 19:37:23 ------ DEBUT ------
05/10/2025 19:37:23 SQLSTATE[HY000]: General error: 1 no such column: user
05/10/2025 19:37:23 Erreur sur la requête : delete from notification_histo where notification='67d186884ac01' and user='Nolwenn'
05/10/2025 19:37:23 Paramètres : 
05/10/2025 19:37:23 URI : /ajax/notification.php
05/10/2025 19:37:23 FILENAME : /ajax/notification.php
05/10/2025 19:37:23 TRACE ERREUR : 
#0 C:\Webosteo\htdocs\class\class_connexion.php(0): PDO->prepare('delete from not...')
#1 C:\Webosteo\htdocs\class\class_notification.php(0): Connexion->executeTraite('delete from not...')
#2 C:\Webosteo\htdocs\class\class_notification.php(0): Notification->read('Nolwenn')
#3 C:\Webosteo\htdocs\ajax\notification.php(0): Collection_Notification->readAll('Nolwenn')
#4 C:\Webosteo\htdocs\ajax\notification.php(2): sg_load('D5D1A63A6B6692D...')
#5 {main}
05/10/2025 19:37:23 ------ FIN ------

05/10/2025 19:37:23 ------ DEBUT ------
05/10/2025 19:37:23 SQLSTATE[HY000]: General error: 1 no such column: user
05/10/2025 19:37:23 Erreur sur la requête : delete from notification_histo where notification='67d18688e2d80' and user='Nolwenn'
05/10/2025 19:37:23 Paramètres : 
05/10/2025 19:37:23 URI : /ajax/notification.php
05/10/2025 19:37:23 FILENAME : /ajax/notification.php
05/10/2025 19:37:23 TRACE ERREUR : 
#0 C:\Webosteo\htdocs\class\class_connexion.php(0): PDO->prepare('delete from not...')
#1 C:\Webosteo\htdocs\class\class_notification.php(0): Connexion->executeTraite('delete from not...')
#2 C:\Webosteo\htdocs\class\class_notification.php(0): Notification->read('Nolwenn')
#3 C:\Webosteo\htdocs\ajax\notification.php(0): Collection_Notification->readAll('Nolwenn')
#4 C:\Webosteo\htdocs\ajax\notification.php(2): sg_load('D5D1A63A6B6692D...')
#5 {main}
05/10/2025 19:37:23 ------ FIN ------

05/10/2025 19:37:23 ------ DEBUT ------
05/10/2025 19:37:23 SQLSTATE[HY000]: General error: 1 no such column: user
05/10/2025 19:37:23 Erreur sur la requête : delete from notification_histo where notification='67d31ac48f0c6' and user='Nolwenn'
05/10/2025 19:37:23 Paramètres : 
05/10/2025 19:37:23 URI : /ajax/notification.php
05/10/2025 19:37:23 FILENAME : /ajax/notification.php
05/10/2025 19:37:23 TRACE ERREUR : 
#0 C:\Webosteo\htdocs\class\class_connexion.php(0): PDO->prepare('delete from not...')
#1 C:\Webosteo\htdocs\class\class_notification.php(0): Connexion->executeTraite('delete from not...')
#2 C:\Webosteo\htdocs\class\class_notification.php(0): Notification->read('Nolwenn')
#3 C:\Webosteo\htdocs\ajax\notification.php(0): Collection_Notification->readAll('Nolwenn')
#4 C:\Webosteo\htdocs\ajax\notification.php(2): sg_load('D5D1A63A6B6692D...')
#5 {main}
05/10/2025 19:37:23 ------ FIN ------

05/10/2025 19:37:23 ------ DEBUT ------
05/10/2025 19:37:23 SQLSTATE[HY000]: General error: 1 no such column: user
05/10/2025 19:37:23 Erreur sur la requête : delete from notification_histo where notification='67d31ac50e45a' and user='Nolwenn'
05/10/2025 19:37:23 Paramètres : 
05/10/2025 19:37:23 URI : /ajax/notification.php
05/10/2025 19:37:23 FILENAME : /ajax/notification.php
05/10/2025 19:37:23 TRACE ERREUR : 
#0 C:\Webosteo\htdocs\class\class_connexion.php(0): PDO->prepare('delete from not...')
#1 C:\Webosteo\htdocs\class\class_notification.php(0): Connexion->executeTraite('delete from not...')
#2 C:\Webosteo\htdocs\class\class_notification.php(0): Notification->read('Nolwenn')
#3 C:\Webosteo\htdocs\ajax\notification.php(0): Collection_Notification->readAll('Nolwenn')
#4 C:\Webosteo\htdocs\ajax\notification.php(2): sg_load('D5D1A63A6B6692D...')
#5 {main}
05/10/2025 19:37:23 ------ FIN ------

05/10/2025 19:37:23 ------ DEBUT ------
05/10/2025 19:37:23 SQLSTATE[HY000]: General error: 1 no such column: user
05/10/2025 19:37:23 Erreur sur la requête : delete from notification_histo where notification='67d3f5315b1fb' and user='Nolwenn'
05/10/2025 19:37:23 Paramètres : 
05/10/2025 19:37:23 URI : /ajax/notification.php
05/10/2025 19:37:23 FILENAME : /ajax/notification.php
05/10/2025 19:37:23 TRACE ERREUR : 
#0 C:\Webosteo\htdocs\class\class_connexion.php(0): PDO->prepare('delete from not...')
#1 C:\Webosteo\htdocs\class\class_notification.php(0): Connexion->executeTraite('delete from not...')
#2 C:\Webosteo\htdocs\class\class_notification.php(0): Notification->read('Nolwenn')
#3 C:\Webosteo\htdocs\ajax\notification.php(0): Collection_Notification->readAll('Nolwenn')
#4 C:\Webosteo\htdocs\ajax\notification.php(2): sg_load('D5D1A63A6B6692D...')
#5 {main}
05/10/2025 19:37:23 ------ FIN ------

05/10/2025 19:37:23 ------ DEBUT ------
05/10/2025 19:37:23 SQLSTATE[HY000]: General error: 1 no such column: user
05/10/2025 19:37:23 Erreur sur la requête : delete from notification_histo where notification='67d3f53168d96' and user='Nolwenn'
05/10/2025 19:37:23 Paramètres : 
05/10/2025 19:37:23 URI : /ajax/notification.php
05/10/2025 19:37:23 FILENAME : /ajax/notification.php
05/10/2025 19:37:23 TRACE ERREUR : 
#0 C:\Webosteo\htdocs\class\class_connexion.php(0): PDO->prepare('delete from not...')
#1 C:\Webosteo\htdocs\class\class_notification.php(0): Connexion->executeTraite('delete from not...')
#2 C:\Webosteo\htdocs\class\class_notification.php(0): Notification->read('Nolwenn')
#3 C:\Webosteo\htdocs\ajax\notification.php(0): Collection_Notification->readAll('Nolwenn')
#4 C:\Webosteo\htdocs\ajax\notification.php(2): sg_load('D5D1A63A6B6692D...')
#5 {main}
05/10/2025 19:37:23 ------ FIN ------

05/10/2025 19:37:24 ------ DEBUT ------
05/10/2025 19:37:24 SQLSTATE[HY000]: General error: 1 no such column: user
05/10/2025 19:37:24 Erreur sur la requête : delete from notification_histo where notification='67d536c70071a' and user='Nolwenn'
05/10/2025 19:37:24 Paramètres : 
05/10/2025 19:37:24 URI : /ajax/notification.php
05/10/2025 19:37:24 FILENAME : /ajax/notification.php
05/10/2025 19:37:24 TRACE ERREUR : 
#0 C:\Webosteo\htdocs\class\class_connexion.php(0): PDO->prepare('delete from not...')
#1 C:\Webosteo\htdocs\class\class_notification.php(0): Connexion->executeTraite('delete from not...')
#2 C:\Webosteo\htdocs\class\class_notification.php(0): Notification->read('Nolwenn')
#3 C:\Webosteo\htdocs\ajax\notification.php(0): Collection_Notification->readAll('Nolwenn')
#4 C:\Webosteo\htdocs\ajax\notification.php(2): sg_load('D5D1A63A6B6692D...')
#5 {main}
05/10/2025 19:37:24 ------ FIN ------

05/10/2025 19:37:24 ------ DEBUT ------
05/10/2025 19:37:24 SQLSTATE[HY000]: General error: 1 no such column: user
05/10/2025 19:37:24 Erreur sur la requête : delete from notification_histo where notification='67d536c7a314b' and user='Nolwenn'
05/10/2025 19:37:24 Paramètres : 
05/10/2025 19:37:24 URI : /ajax/notification.php
05/10/2025 19:37:24 FILENAME : /ajax/notification.php
05/10/2025 19:37:24 TRACE ERREUR : 
#0 C:\Webosteo\htdocs\class\class_connexion.php(0): PDO->prepare('delete from not...')
#1 C:\Webosteo\htdocs\class\class_notification.php(0): Connexion->executeTraite('delete from not...')
#2 C:\Webosteo\htdocs\class\class_notification.php(0): Notification->read('Nolwenn')
#3 C:\Webosteo\htdocs\ajax\notification.php(0): Collection_Notification->readAll('Nolwenn')
#4 C:\Webosteo\htdocs\ajax\notification.php(2): sg_load('D5D1A63A6B6692D...')
#5 {main}
05/10/2025 19:37:24 ------ FIN ------

05/10/2025 19:37:24 ------ DEBUT ------
05/10/2025 19:37:24 SQLSTATE[HY000]: General error: 1 no such column: user
05/10/2025 19:37:24 Erreur sur la requête : delete from notification_histo where notification='67d7e5b9e29dd' and user='Nolwenn'
05/10/2025 19:37:24 Paramètres : 
05/10/2025 19:37:24 URI : /ajax/notification.php
05/10/2025 19:37:24 FILENAME : /ajax/notification.php
05/10/2025 19:37:24 TRACE ERREUR : 
#0 C:\Webosteo\htdocs\class\class_connexion.php(0): PDO->prepare('delete from not...')
#1 C:\Webosteo\htdocs\class\class_notification.php(0): Connexion->executeTraite('delete from not...')
#2 C:\Webosteo\htdocs\class\class_notification.php(0): Notification->read('Nolwenn')
#3 C:\Webosteo\htdocs\ajax\notification.php(0): Collection_Notification->readAll('Nolwenn')
#4 C:\Webosteo\htdocs\ajax\notification.php(2): sg_load('D5D1A63A6B6692D...')
#5 {main}
05/10/2025 19:37:24 ------ FIN ------

05/10/2025 19:37:24 ------ DEBUT ------
05/10/2025 19:37:24 SQLSTATE[HY000]: General error: 1 no such column: user
05/10/2025 19:37:24 Erreur sur la requête : delete from notification_histo where notification='67d7e5ba028ac' and user='Nolwenn'
05/10/2025 19:37:24 Paramètres : 
05/10/2025 19:37:24 URI : /ajax/notification.php
05/10/2025 19:37:24 FILENAME : /ajax/notification.php
05/10/2025 19:37:24 TRACE ERREUR : 
#0 C:\Webosteo\htdocs\class\class_connexion.php(0): PDO->prepare('delete from not...')
#1 C:\Webosteo\htdocs\class\class_notification.php(0): Connexion->executeTraite('delete from not...')
#2 C:\Webosteo\htdocs\class\class_notification.php(0): Notification->read('Nolwenn')
#3 C:\Webosteo\htdocs\ajax\notification.php(0): Collection_Notification->readAll('Nolwenn')
#4 C:\Webosteo\htdocs\ajax\notification.php(2): sg_load('D5D1A63A6B6692D...')
#5 {main}
05/10/2025 19:37:24 ------ FIN ------

05/10/2025 19:37:24 ------ DEBUT ------
05/10/2025 19:37:24 SQLSTATE[HY000]: General error: 1 no such column: user
05/10/2025 19:37:24 Erreur sur la requête : delete from notification_histo where notification='67d9393cce14d' and user='Nolwenn'
05/10/2025 19:37:24 Paramètres : 
05/10/2025 19:37:24 URI : /ajax/notification.php
05/10/2025 19:37:24 FILENAME : /ajax/notification.php
05/10/2025 19:37:24 TRACE ERREUR : 
#0 C:\Webosteo\htdocs\class\class_connexion.php(0): PDO->prepare('delete from not...')
#1 C:\Webosteo\htdocs\class\class_notification.php(0): Connexion->executeTraite('delete from not...')
#2 C:\Webosteo\htdocs\class\class_notification.php(0): Notification->read('Nolwenn')
#3 C:\Webosteo\htdocs\ajax\notification.php(0): Collection_Notification->readAll('Nolwenn')
#4 C:\Webosteo\htdocs\ajax\notification.php(2): sg_load('D5D1A63A6B6692D...')
#5 {main}
05/10/2025 19:37:24 ------ FIN ------

05/10/2025 19:37:24 ------ DEBUT ------
05/10/2025 19:37:24 SQLSTATE[HY000]: General error: 1 no such column: user
05/10/2025 19:37:24 Erreur sur la requête : delete from notification_histo where notification='67d9393d5e3b1' and user='Nolwenn'
05/10/2025 19:37:24 Paramètres : 
05/10/2025 19:37:24 URI : /ajax/notification.php
05/10/2025 19:37:24 FILENAME : /ajax/notification.php
05/10/2025 19:37:24 TRACE ERREUR : 
#0 C:\Webosteo\htdocs\class\class_connexion.php(0): PDO->prepare('delete from not...')
#1 C:\Webosteo\htdocs\class\class_notification.php(0): Connexion->executeTraite('delete from not...')
#2 C:\Webosteo\htdocs\class\class_notification.php(0): Notification->read('Nolwenn')
#3 C:\Webosteo\htdocs\ajax\notification.php(0): Collection_Notification->readAll('Nolwenn')
#4 C:\Webosteo\htdocs\ajax\notification.php(2): sg_load('D5D1A63A6B6692D...')
#5 {main}
05/10/2025 19:37:24 ------ FIN ------

05/10/2025 19:37:24 ------ DEBUT ------
05/10/2025 19:37:24 SQLSTATE[HY000]: General error: 1 no such column: user
05/10/2025 19:37:24 Erreur sur la requête : delete from notification_histo where notification='67da96ba27330' and user='Nolwenn'
05/10/2025 19:37:24 Paramètres : 
05/10/2025 19:37:24 URI : /ajax/notification.php
05/10/2025 19:37:24 FILENAME : /ajax/notification.php
05/10/2025 19:37:24 TRACE ERREUR : 
#0 C:\Webosteo\htdocs\class\class_connexion.php(0): PDO->prepare('delete from not...')
#1 C:\Webosteo\htdocs\class\class_notification.php(0): Connexion->executeTraite('delete from not...')
#2 C:\Webosteo\htdocs\class\class_notification.php(0): Notification->read('Nolwenn')
#3 C:\Webosteo\htdocs\ajax\notification.php(0): Collection_Notification->readAll('Nolwenn')
#4 C:\Webosteo\htdocs\ajax\notification.php(2): sg_load('D5D1A63A6B6692D...')
#5 {main}
05/10/2025 19:37:24 ------ FIN ------

05/10/2025 19:37:24 ------ DEBUT ------
05/10/2025 19:37:24 SQLSTATE[HY000]: General error: 1 no such column: user
05/10/2025 19:37:24 Erreur sur la requête : delete from notification_histo where notification='67da96bac9e67' and user='Nolwenn'
05/10/2025 19:37:24 Paramètres : 
05/10/2025 19:37:24 URI : /ajax/notification.php
05/10/2025 19:37:24 FILENAME : /ajax/notification.php
05/10/2025 19:37:24 TRACE ERREUR : 
#0 C:\Webosteo\htdocs\class\class_connexion.php(0): PDO->prepare('delete from not...')
#1 C:\Webosteo\htdocs\class\class_notification.php(0): Connexion->executeTraite('delete from not...')
#2 C:\Webosteo\htdocs\class\class_notification.php(0): Notification->read('Nolwenn')
#3 C:\Webosteo\htdocs\ajax\notification.php(0): Collection_Notification->readAll('Nolwenn')
#4 C:\Webosteo\htdocs\ajax\notification.php(2): sg_load('D5D1A63A6B6692D...')
#5 {main}
05/10/2025 19:37:24 ------ FIN ------

05/10/2025 19:37:24 ------ DEBUT ------
05/10/2025 19:37:24 SQLSTATE[HY000]: General error: 1 no such column: user
05/10/2025 19:37:24 Erreur sur la requête : delete from notification_histo where notification='67dc4d76dabd3' and user='Nolwenn'
05/10/2025 19:37:24 Paramètres : 
05/10/2025 19:37:24 URI : /ajax/notification.php
05/10/2025 19:37:24 FILENAME : /ajax/notification.php
05/10/2025 19:37:24 TRACE ERREUR : 
#0 C:\Webosteo\htdocs\class\class_connexion.php(0): PDO->prepare('delete from not...')
#1 C:\Webosteo\htdocs\class\class_notification.php(0): Connexion->executeTraite('delete from not...')
#2 C:\Webosteo\htdocs\class\class_notification.php(0): Notification->read('Nolwenn')
#3 C:\Webosteo\htdocs\ajax\notification.php(0): Collection_Notification->readAll('Nolwenn')
#4 C:\Webosteo\htdocs\ajax\notification.php(2): sg_load('D5D1A63A6B6692D...')
#5 {main}
05/10/2025 19:37:24 ------ FIN ------

05/10/2025 19:37:24 ------ DEBUT ------
05/10/2025 19:37:24 SQLSTATE[HY000]: General error: 1 no such column: user
05/10/2025 19:37:24 Erreur sur la requête : delete from notification_histo where notification='67dc4d775543b' and user='Nolwenn'
05/10/2025 19:37:24 Paramètres : 
05/10/2025 19:37:24 URI : /ajax/notification.php
05/10/2025 19:37:24 FILENAME : /ajax/notification.php
05/10/2025 19:37:24 TRACE ERREUR : 
#0 C:\Webosteo\htdocs\class\class_connexion.php(0): PDO->prepare('delete from not...')
#1 C:\Webosteo\htdocs\class\class_notification.php(0): Connexion->executeTraite('delete from not...')
#2 C:\Webosteo\htdocs\class\class_notification.php(0): Notification->read('Nolwenn')
#3 C:\Webosteo\htdocs\ajax\notification.php(0): Collection_Notification->readAll('Nolwenn')
#4 C:\Webosteo\htdocs\ajax\notification.php(2): sg_load('D5D1A63A6B6692D...')
#5 {main}
05/10/2025 19:37:24 ------ FIN ------

05/10/2025 19:37:24 ------ DEBUT ------
05/10/2025 19:37:24 SQLSTATE[HY000]: General error: 1 no such column: user
05/10/2025 19:37:24 Erreur sur la requête : delete from notification_histo where notification='67dd56605d53f' and user='Nolwenn'
05/10/2025 19:37:24 Paramètres : 
05/10/2025 19:37:24 URI : /ajax/notification.php
05/10/2025 19:37:24 FILENAME : /ajax/notification.php
05/10/2025 19:37:24 TRACE ERREUR : 
#0 C:\Webosteo\htdocs\class\class_connexion.php(0): PDO->prepare('delete from not...')
#1 C:\Webosteo\htdocs\class\class_notification.php(0): Connexion->executeTraite('delete from not...')
#2 C:\Webosteo\htdocs\class\class_notification.php(0): Notification->read('Nolwenn')
#3 C:\Webosteo\htdocs\ajax\notification.php(0): Collection_Notification->readAll('Nolwenn')
#4 C:\Webosteo\htdocs\ajax\notification.php(2): sg_load('D5D1A63A6B6692D...')
#5 {main}
05/10/2025 19:37:24 ------ FIN ------

05/10/2025 19:37:24 ------ DEBUT ------
05/10/2025 19:37:24 SQLSTATE[HY000]: General error: 1 no such column: user
05/10/2025 19:37:24 Erreur sur la requête : delete from notification_histo where notification='67dd56610505f' and user='Nolwenn'
05/10/2025 19:37:24 Paramètres : 
05/10/2025 19:37:24 URI : /ajax/notification.php
05/10/2025 19:37:24 FILENAME : /ajax/notification.php
05/10/2025 19:37:24 TRACE ERREUR : 
#0 C:\Webosteo\htdocs\class\class_connexion.php(0): PDO->prepare('delete from not...')
#1 C:\Webosteo\htdocs\class\class_notification.php(0): Connexion->executeTraite('delete from not...')
#2 C:\Webosteo\htdocs\class\class_notification.php(0): Notification->read('Nolwenn')
#3 C:\Webosteo\htdocs\ajax\notification.php(0): Collection_Notification->readAll('Nolwenn')
#4 C:\Webosteo\htdocs\ajax\notification.php(2): sg_load('D5D1A63A6B6692D...')
#5 {main}
05/10/2025 19:37:24 ------ FIN ------

05/10/2025 19:37:24 ------ DEBUT ------
05/10/2025 19:37:24 SQLSTATE[HY000]: General error: 1 no such column: user
05/10/2025 19:37:24 Erreur sur la requête : delete from notification_histo where notification='67de71473c7e7' and user='Nolwenn'
05/10/2025 19:37:24 Paramètres : 
05/10/2025 19:37:24 URI : /ajax/notification.php
05/10/2025 19:37:24 FILENAME : /ajax/notification.php
05/10/2025 19:37:24 TRACE ERREUR : 
#0 C:\Webosteo\htdocs\class\class_connexion.php(0): PDO->prepare('delete from not...')
#1 C:\Webosteo\htdocs\class\class_notification.php(0): Connexion->executeTraite('delete from not...')
#2 C:\Webosteo\htdocs\class\class_notification.php(0): Notification->read('Nolwenn')
#3 C:\Webosteo\htdocs\ajax\notification.php(0): Collection_Notification->readAll('Nolwenn')
#4 C:\Webosteo\htdocs\ajax\notification.php(2): sg_load('D5D1A63A6B6692D...')
#5 {main}
05/10/2025 19:37:24 ------ FIN ------

05/10/2025 19:37:24 ------ DEBUT ------
05/10/2025 19:37:24 SQLSTATE[HY000]: General error: 1 no such column: user
05/10/2025 19:37:24 Erreur sur la requête : delete from notification_histo where notification='67de7147e3888' and user='Nolwenn'
05/10/2025 19:37:24 Paramètres : 
05/10/2025 19:37:24 URI : /ajax/notification.php
05/10/2025 19:37:24 FILENAME : /ajax/notification.php
05/10/2025 19:37:24 TRACE ERREUR : 
#0 C:\Webosteo\htdocs\class\class_connexion.php(0): PDO->prepare('delete from not...')
#1 C:\Webosteo\htdocs\class\class_notification.php(0): Connexion->executeTraite('delete from not...')
#2 C:\Webosteo\htdocs\class\class_notification.php(0): Notification->read('Nolwenn')
#3 C:\Webosteo\htdocs\ajax\notification.php(0): Collection_Notification->readAll('Nolwenn')
#4 C:\Webosteo\htdocs\ajax\notification.php(2): sg_load('D5D1A63A6B6692D...')
#5 {main}
05/10/2025 19:37:24 ------ FIN ------

05/10/2025 19:37:24 ------ DEBUT ------
05/10/2025 19:37:24 SQLSTATE[HY000]: General error: 1 no such column: user
05/10/2025 19:37:24 Erreur sur la requête : delete from notification_histo where notification='67e187d2b3f82' and user='Nolwenn'
05/10/2025 19:37:24 Paramètres : 
05/10/2025 19:37:24 URI : /ajax/notification.php
05/10/2025 19:37:24 FILENAME : /ajax/notification.php
05/10/2025 19:37:24 TRACE ERREUR : 
#0 C:\Webosteo\htdocs\class\class_connexion.php(0): PDO->prepare('delete from not...')
#1 C:\Webosteo\htdocs\class\class_notification.php(0): Connexion->executeTraite('delete from not...')
#2 C:\Webosteo\htdocs\class\class_notification.php(0): Notification->read('Nolwenn')
#3 C:\Webosteo\htdocs\ajax\notification.php(0): Collection_Notification->readAll('Nolwenn')
#4 C:\Webosteo\htdocs\ajax\notification.php(2): sg_load('D5D1A63A6B6692D...')
#5 {main}
05/10/2025 19:37:24 ------ FIN ------

05/10/2025 19:37:24 ------ DEBUT ------
05/10/2025 19:37:24 SQLSTATE[HY000]: General error: 1 no such column: user
05/10/2025 19:37:24 Erreur sur la requête : delete from notification_histo where notification='67e187d359644' and user='Nolwenn'
05/10/2025 19:37:24 Paramètres : 
05/10/2025 19:37:24 URI : /ajax/notification.php
05/10/2025 19:37:24 FILENAME : /ajax/notification.php
05/10/2025 19:37:24 TRACE ERREUR : 
#0 C:\Webosteo\htdocs\class\class_connexion.php(0): PDO->prepare('delete from not...')
#1 C:\Webosteo\htdocs\class\class_notification.php(0): Connexion->executeTraite('delete from not...')
#2 C:\Webosteo\htdocs\class\class_notification.php(0): Notification->read('Nolwenn')
#3 C:\Webosteo\htdocs\ajax\notification.php(0): Collection_Notification->readAll('Nolwenn')
#4 C:\Webosteo\htdocs\ajax\notification.php(2): sg_load('D5D1A63A6B6692D...')
#5 {main}
05/10/2025 19:37:24 ------ FIN ------

